signal_id,latitude,longitude
7200,33.81122,-84.37165
80000,33.68117,-84.39375
11427,33.77558,-84.29489
430,33.75667,-84.35554
11155,33.7157,-84.30598
11154,33.714567,-84.305144
359,33.73664,-84.3765
356,33.73676,-84.38657
362,33.73046,-84.38796
361,33.731762,-84.387917
364,33.725,-84.38804
48016,33.63584,-84.47239
11204,33.70407,-84.14615
365,33.74077,-84.42336
366,33.74235,-84.42339
7221,33.75106,-84.44413
47033,33.66911,-84.42803
11123,33.7763,-84.26743
11351,33.78877,-84.24979
11414,33.79377,-84.19408
424,33.85992,-84.40347
404,33.72867,-84.42719
11273,33.70395,-84.17013
11257,33.70695,-84.16905
372,33.81751,-84.38113
415,33.78176,-84.36349
350,33.73693,-84.39832
353,33.73676,-84.39352
486,33.6394074,-84.4609336
48022,33.62932,-84.4575
11330,33.79059,-84.17493
11394,33.73788,-84.19429
11339,33.75296,-84.19712
11392,33.76182,-84.19659
11432,33.76697,-84.22437
11434,33.74666,-84.14122
1135106,33.972904,-84.055365
1762,33.972904,-84.055365
7303,33.88568,-84.28825
417,33.718304,-84.418076
7966,33.77389,-84.39198
1135081,33.938338,-84.019205
1780,33.938338,-84.019205
8596,33.65908,-84.43214
11393,33.71869,-84.21535
11153,33.76908,-84.29942
11495,33.77559,-84.29887
279,33.78149,-84.39771
238,33.78151,-84.39356
252,33.78178,-84.37278
217,33.78175,-84.38249
250,33.78176,-84.36868
256,33.78179,-84.37653
251,33.78151,-84.39607
200,33.78151,-84.38917
492,33.78176,-84.37121
472,33.78178,-84.37941
244,33.78151,-84.39915
243,33.78154,-84.4042
277,33.78619,-84.39874
13452,33.78586,-84.41032
278,33.78621,-84.40132
197,33.78664,-84.39193
196,33.78662,-84.39043
489,33.785845,-84.410257
212,33.78664,-84.38432
7929,33.78757,-84.40645
7930,33.78966,-84.39874
7933,33.79125,-84.39872
7931,33.79119,-84.3951
7932,33.7901,-84.40064
7948,33.78966,-84.40276
171,33.79183,-84.39055
170,33.79133,-84.39269
8611,33.79078,-84.40125
7151,33.79166,-84.40561
11215,33.85372,-84.21458
7934,33.74525,-84.30974
222,33.77358,-84.38319
176,33.77387,-84.38731
308,33.77692,-84.39211
490,33.641669,-84.445447
9867,33.7571,-84.46953
9868,33.74527,-84.42815
9869,33.74946,-84.44328
9870,33.74131,-84.41619
9871,33.74118,-84.41296
9872,33.74524,-84.39535
9873,33.74314,-84.38378
9874,33.74305,-84.3779
9875,33.74527,-84.34735
9876,33.73871,-84.32774
9877,33.71481,-84.30344
9878,33.71383,-84.26981
9993,33.71094,-84.21435
9994,33.703165,-84.168
10025,33.700713,-84.110726
10032,33.699017,-84.0865
9996,33.68231,-84.06356
343,33.62489,-84.42447
8101,33.65509,-84.41296
7945,33.65779,-84.41904
7944,33.65768,-84.4182
7946,33.65759,-84.42966
7947,33.65753,-84.42691
8102,33.6579,-84.42307
122,33.75316,-84.39127
121,33.7539,-84.39261
11002,33.76325,-84.20975
11003,33.78683,-84.2086
11004,33.76994,-84.21477
11005,33.86501,-84.23576
58,33.75972,-84.38908
1351382,33.80556,-84.07072
1351383,33.80609,-84.06498
1351381,33.80852,-84.09639
1351385,33.80491,-84.04572
1351384,33.805476,-84.05509
7063001,33.630069,-84.282867
7063004,33.63285,-84.30522
7063104,33.61998,-84.32614
7063103,33.625824,-84.316358
7063006,33.6339,-84.292911
7063005,33.633767,-84.287734
70631104,33.619974,-84.326145
7063003,33.63366,-84.302749
7063002,33.633961,-84.295278
1135258,33.88799056,-84.11174318
1135674,33.89407731,-84.11432665
1135245,33.8751211,-84.12702267
1135554,33.87322275,-84.12909921
1135673,33.89707784,-84.11740078
7063106,33.615251,-84.363533
7063105,33.6037,-84.364046
8127,33.91025,-84.33288
8181,33.93867,-84.33807
8131,33.89229,-84.3262
8176,33.9264,-84.3371
8180,33.93628,-84.33793
8175,33.92373,-84.33807
8128,33.90558,-84.33199
8171,33.91718,-84.33794
8182,33.94356,-84.33797
8130,33.89312,-84.32768
8174,33.92219,-84.33871
8122,33.9161,-84.33733
8173,33.92062,-84.33906
8120,33.91363,-84.3357
8172,33.91887,-84.33855
8171,33.91718,-84.33794
8121,33.91449,-84.33625
8129,33.90262,-84.33126
8179,33.93363,-84.33768
8176,33.9264,-84.3371
49006,33.65879,-84.40971
8112,33.730164027586405,-84.36836248
8113,33.73029,-84.3736
59003,33.87196,-84.49748
8116,33.74935,-84.41279
8117,33.74931,-84.40925
73,33.75554,-84.37796
71,33.75555,-84.38025
70,33.75557,-84.38226
74,33.75552,-84.3766
69,33.75558,-84.38427
68,33.75557,-84.38611
75,33.75549,-84.37438
71,33.75555,-84.38025
72,33.75554,-84.37942
8111,33.75548,-84.37215
11013,33.727476,-84.235278
7957,33.72226,-84.42743
7958,33.722507,-84.437622
56,33.7597,-84.39056
57,33.75969,-84.38963
55,33.75974,-84.39208
9879,33.7584,-84.47184
9880,33.75177,-84.44779
9881,33.74187,-84.41994
9882,33.74215,-84.40531
9883,33.74474,-84.40021
9884,33.74558,-84.3967
9885,33.74371,-84.37019
9886,33.74539,-84.35121
9887,33.74583,-84.3484
9888,33.74545,-84.33622
9889,33.74113,-84.32936
9890,33.72796,-84.32336
9891,33.71725,-84.31258
9892,33.71328,-84.27499
9893,33.71658,-84.25449
9992,33.71224,-84.21886
9995,33.70361,-84.17245
10026,33.704063,-84.136604
10033,33.701305,-84.091
9997,33.68407,-84.06406
91,33.76198,-84.39507
28,33.76228,-84.39359
36,33.76142,-84.37793
70631107,33.554739,-84.363515
7063007,33.552901,-84.340017
7063107,33.55474,-84.36352
7961,33.73368,-84.44138
47001,33.68384,-84.47552
7964,33.7278,-84.47517
7121603,33.722611,-84.464227
7963,33.72259,-84.4642
7965,33.73697,-84.36818
7063008,33.561372,-84.416917
7918,33.74292,-84.35821
283,33.74184,-84.35819
1351331,33.96353,-84.09453
1351329,33.9683,-84.09683
1351332,33.96154,-84.09381
1351330,33.96526,-84.0954
7121604,33.82107,-84.458698
7970,33.8124,-84.47266
7971,33.81906,-84.46226
292,33.82064,-84.45114
7972,33.801894,-84.486703
7973,33.80811,-84.48067
7967,33.82106,-84.45865
339,33.719,-84.33
11033,33.67576,-84.30804
11026,33.68811,-84.31094
11031,33.64714,-84.28254
11032,33.65813,-84.28648
11028,33.68576,-84.31075
11030,33.70406,-84.32693
11029,33.6834,-84.30969
7975,33.76322,-84.37197
7919,33.7439,-84.36811
8103,33.76728,-84.37192
7978,33.7219,-84.36846
8105,33.74948,-84.3699
7980,33.75934,-84.37209
824,33.73574,-84.36821
7974,33.76638,-84.37193
7976,33.76135,-84.37203
7989,33.76396,-84.37195
8104,33.7171,-84.36853
7979,33.75765,-84.37211
7977,33.76484,-84.37195
473,33.73411,-84.36823
336,33.7771,-84.3474
11035,33.8104,-84.33482
11047,33.80445,-84.33777
11469,33.848173,-84.255852
11038,33.84928,-84.28338
11042,33.80615,-84.33599
11044,33.83858,-84.30568
11057,33.78307,-84.34293
11039,33.84124,-84.29679
11037,33.85429,-84.26279
11048,33.84647,-84.25344
11043,33.85578,-84.26512
11052,33.79102,-84.33808
11054,33.84552,-84.28623
11055,33.85472,-84.28128
11051,33.808543,-84.334657
11036,33.83689,-84.31595
11041,33.83165,-84.32293
11045,33.84899,-84.25719
11425,33.822188,-84.231694
11468,33.8246,-84.23302
7516,33.85012,-84.22318
1135236,33.91994,-84.21375
1135146,33.94531725263223,-84.25091468
1135148,33.91979264,-84.1980248
1672,33.91994,-84.21375
8061,33.82696,-84.38072
160,33.74896,-84.39804
8106,33.6649,-84.38019
11068,33.645615,-84.126855
11069,33.670995,-84.179344
11068,33.645615,-84.126855
7994,33.653103,-84.39328
71001,33.60163,-84.49989
71002,33.59336,-84.49716
1117049,33.97912,-84.084944
7137,33.82562,-84.35282
7232,33.75577,-84.4697
7063011,33.640153,-84.395791
7603010,33.641107,-84.401659
7063010,33.641113,-84.40167
7063009,33.640675,-84.400239
7063012,33.641052,-84.40313
9894,33.50906,-84.23344
9895,33.54843,-84.27947
9896,33.56631,-84.32167
9897,33.57813,-84.34665
9898,33.61778,-84.39827
9899,33.62193,-84.39933
9811,33.72345,-84.39365
9812,33.74467,-84.38971
9813,33.74878,-84.38316
9814,33.75863,-84.37839
9815,33.76104,-84.37939
9816,33.76096,-84.37946
9817,33.77084,-84.38995
9900,33.80293,-84.40691
9901,33.80648,-84.41477
9902,33.83337,-84.42695
9903,33.84658,-84.43004
9904,33.88448,-84.45579
9905,33.90365,-84.47407
9906,33.9253,-84.48626
8003,33.71756,-84.42747
7996,33.70715,-84.4556
8034,33.71155,-84.44372
7995,33.69257,-84.49059
8002,33.6982,-84.48329
7998,33.70642,-84.45744
8000,33.7052,-84.46108
435,33.71449,-84.434178
8033,33.70992,-84.44853
7999,33.70237,-84.47614
7997,33.69601,-84.48622
166,33.74504,-84.38777
167,33.74312,-84.38778
433,33.741882,-84.387779
149,33.74809,-84.38769
8053,33.73151,-84.43919
8037,33.72771,-84.44351
8036,33.72323,-84.45026
8035,33.73339,-84.43754
8052,33.73806,-84.43532
8063,33.71992,-84.48808
8064,33.72025,-84.48045
7121607,33.722137,-84.464196
8062,33.72253,-84.46299
8059,33.72213,-84.4642
8060,33.72012,-84.49026
71061,33.72257,-84.49916
10011,33.55492,-84.26842
10002,33.61452,-84.29632
10003,33.63545,-84.30578
11078,33.67542,-84.29584
106,33.75455,-84.3986
77,33.75843,-84.39283
104,33.75657,-84.39555
105,33.75552,-84.39803
103,33.75708,-84.39463
8071,33.75235,-84.39913
8072,33.75113,-84.40008
62,33.75916,-84.39211
4,33.767803,-84.391884
1351387,33.80513,-84.03173
8073,33.74439,-84.39336
11081,33.81025,-84.2176
11080,33.81171,-84.20621
5,33.767303,-84.377869
58008,33.919636,-84.315104
8199,33.95005,-84.33644
7089003,33.89823,-84.30494
58005,33.923974,-84.314798
38001,33.8936,-84.30112
58009,33.916637,-84.31589
58010,33.931933,-84.316772
58006,33.922732,-84.314331
7089002,33.962812,-84.346613
8200,33.95301,-84.33688
8198,33.94778,-84.33553
38002,33.89297,-84.30025
58007,33.920929,-84.314537
8197,33.94353,-84.33166
58011,33.929345,-84.313805
7304,33.8857,-84.29466
38007,33.880293,-84.274679
7305,33.8857,-84.29156
38004,33.88722,-84.30858
8058,33.88606,-84.30701
11516,33.8842,-84.2463
38003,33.8884,-84.3094
11072,33.88414,-84.2574
11086,33.88556,-84.25124
11095,33.87788,-84.27102
11382,33.88322,-84.25984
11096,33.87997,-84.26583
11089,33.8792,-84.27345
11087,33.88555,-84.2527
11093,33.88556,-84.25511
11084,33.85478,-84.21725
11083,33.8808,-84.23002
11088,33.87852,-84.27227
11094,33.88555,-84.24796
11084,33.85478,-84.21725
11097,33.88102,-84.21918
7306,33.88566,-84.28495
11006,33.88064,-84.2627
11090,33.85513,-84.21634
11085,33.88313,-84.24481
11091,33.86908,-84.21731
38009,33.90129,-84.3083
38008,33.90742,-84.30998
7067270,33.9339,-84.4812
1135306,33.95546747027978,-84.20802829
1135252,33.97784217933661,-84.22801762
8075,33.7795,-84.37281
8076,33.80836,-84.43559
7121609,33.80836,-84.43559
7122705,33.801589,-84.429865
441,33.800788,-84.427004
8077,33.73658,-84.37363
8083,33.8141,-84.3535
7133,33.81503,-84.35302
7136,33.82379,-84.35201
7132,33.81147,-84.35646
7135,33.82042,-84.35134
7131,33.80998,-84.36026
7134,33.81844,-84.35165
11098,33.92031,-84.26987
47003,33.67846,-84.44415
11510,33.80159,-84.25393
47002,33.67957,-84.44385
11484,33.78058,-84.29483
11105,33.786782,-84.290082
11484,33.78058,-84.29483
7587,33.56137,-84.41691
11106,33.783995,-84.293856
11099,33.789499,-84.287664
11108,33.79361,-84.26315
11107,33.79221,-84.2853
11485,33.77278,-84.29491
11486,33.77457,-84.29489
11487,33.79995,-84.25671
11488,33.77789,-84.29647
11489,33.77557,-84.29653
11490,33.77999,-84.29703
11422,33.782036,-84.299388
7319,33.88522,-84.31014
7321,33.856,-84.31235
7317,33.86541,-84.30946
7318,33.86001,-84.3107
7316,33.86791,-84.30946
7320,33.8765,-84.30946
7583,33.617655,-84.409874
7063014,33.630983,-84.410323
7063013,33.62837,-84.40983
8078,33.68137,-84.41861
47004,33.68145,-84.42349
7803,33.681122,-84.397774
47005,33.6814,-84.42688
47006,33.67994,-84.43039
8079,33.6813,-84.41514
8080,33.68103,-84.38432
8081,33.681091,-84.388748
7786,33.681137,-84.400337
7121628,33.679416,-84.435582
7805,33.68129,-84.412079
7804,33.681297,-84.411041
11124,33.70628,-84.29945
11125,33.69738,-84.30216
469,33.80072,-84.32735
11128,33.79978,-84.32539
11136,33.79309,-84.32099
11131,33.79715,-84.32233
11133,33.79857,-84.32379
11130,33.79044,-84.32095
11132,33.79523,-84.32128
11126,33.80084,-84.32922
11135,33.80368,-84.33365
11134,33.78885,-84.32094
11129,33.7919,-84.3208
11138,33.6915,-84.28255
11137,33.69107,-84.27231
436,33.762407,-84.319567
48007,33.65339,-84.45132
7063015,33.627632,-84.360393
7063017,33.9188,-84.25741
48008,33.65223,-84.45132
7063016,33.92471,-84.24958
438,33.81131,-84.426569
427,33.80978,-84.416
11141,33.74361,-84.25833
11076,33.72187,-84.25171
7750,33.75563,-84.26899
11150,33.74507,-84.26058
7752,33.75323,-84.26617
7751,33.75652,-84.27067
11143,33.71554,-84.25243
11144,33.72762,-84.2517
11148,33.74119,-84.25351
11151,33.7332,-84.25208
11140,33.71838,-84.25239
11152,33.69686,-84.25179
7753,33.75002,-84.26398
11146,33.73151,-84.25214
11149,33.7118,-84.25251
11145,33.76275,-84.27852
11491,33.77773,-84.29264
11493,33.77354,-84.28964
11494,33.77458,-84.29167
11492,33.7746,-84.29889
11508,33.77559,-84.2917
47009,33.69046,-84.44779
47008,33.69426,-84.46628
47007,33.69497,-84.45734
11027,33.68885,-84.31477
437,33.680204,-84.493823
428,33.68238,-84.49352
11062,33.82607,-84.23426
24,33.76335,-84.39198
6,33.76533,-84.3919
29,33.76228,-84.39202
2,33.768929,-84.392143
24,33.76335,-84.39198
20,33.76398,-84.39187
225,33.76747,-84.38409
226,33.76549,-84.38412
34,33.76223,-84.38416
46,33.75966,-84.3842
52,33.75711,-84.38424
49,33.75839,-84.38425
42,33.76095,-84.38419
11156,33.780582,-84.316659
11157,33.76134,-84.25158
11497,33.77174,-84.25463
11499,33.77314,-84.25662
11481,33.703974,-84.108414
11498,33.77486,-84.26206
11159,33.84358,-84.24424
475,33.63571,-84.45365
1351351,33.94039,-84.08099
1351350,33.94252,-84.07655
1351349,33.94829,-84.06465
1351352,33.93646,-84.08905
9914,33.50318,-84.23006
9915,33.54538,-84.27552
9916,33.56287,-84.31738
9917,33.57587,-84.339
9918,33.58434,-84.37581
9919,33.6133,-84.398
9810,33.72109,-84.396
9809,33.73534,-84.39246
9808,33.73739,-84.39247
9806,33.75344,-84.37927
9805,33.75652,-84.37897
9804,33.75804,-84.37916
9803,33.76699,-84.3894
9807,33.78046,-84.39142
9920,33.80171,-84.40511
9921,33.83197,-84.42692
9922,33.84762,-84.4311
9923,33.86221,-84.43752
9924,33.87791,-84.45087
10000,33.91977,-84.48418
1135237,33.90969,-84.20915
1673,33.90969,-84.20915
10012,33.55087,-84.26909
10004,33.57518,-84.27709
10005,33.60843,-84.29616
10010,33.63108,-84.30214
169,33.75018,-84.37666
115,33.75063,-84.38423
116,33.7499,-84.3831
113,33.75232,-84.38654
114,33.75149,-84.38541
168,33.749779,-84.379524
102,33.75389,-84.38901
112,33.7531,-84.38768
346,33.76181,-84.34037
8240,33.76151,-84.33102
8243,33.76291,-84.31983
8241,33.76213,-84.33301
8245,33.76178,-84.34184
8242,33.75351,-84.36388
8244,33.76025,-84.3489
11162,33.79385,-84.27646
11161,33.79148,-84.27607
7089020,33.796142,-84.278261
11164,33.70781,-84.14686
11163,33.72146,-84.15089
47010,33.67358,-84.45786
47012,33.68186,-84.45772
47011,33.68626,-84.45821
47013,33.69847,-84.45146
8612,33.70143,-84.43027
8041,33.65351,-84.00206
7121610,33.771888,-84.4281
439,33.731748,-84.424777
440,33.733169,-84.427121
11170,33.72455,-84.20232
530002,33.861621,-84.32652
530001,33.864734,-84.314926
530003,33.860641,-84.332408
530004,33.86055,-84.33529
7244,33.8606,-84.33736
7089005,33.954172,-84.272335
11171,33.77168,-84.22603
7121630,33.84894,-84.35329
139,33.838439,-84.371653
8214,33.82587,-84.19585
8209,33.81895,-84.23116
8212,33.81883,-84.21146
8210,33.81844,-84.2228
8213,33.8242,-84.20309
11513,33.775712,-84.287765
8215,33.81894,-84.18462
8211,33.8178,-84.21758
463,33.797422,-84.352494
7451,33.8478,-84.34946
7452,33.84882,-84.35326
7121611,33.84547,-84.34821
429,33.82868,-84.37844
136,33.83905,-84.37643
7908,33.98051,-84.48141
7907,33.97673,-84.47978
7067245,33.98746,-84.48797
7449,33.83823,-84.34351
7450,33.84548,-84.34824
9931,33.9285,-84.17439
9932,33.93776,-84.15703
9937,33.63142,-84.45605
9938,33.83318,-84.33236
9939,33.87985,-84.2717
9940,33.91264,-84.20547
3151025,33.50921,-84.22551
3151023,33.50726,-84.22798
33902,33.51237,-84.21796
3151026,33.51122,-84.22303
3151027,33.51237,-84.21796
3151006,33.61617,-84.24435
3151007,33.57526,-84.22531
3151009,33.55293,-84.23335
3151008,33.55704,-84.23527
11173,33.775029,-84.276134
11509,33.77275,-84.28791
11175,33.774453,-84.282864
11009,33.7748,-84.27952
11174,33.775267,-84.273089
11500,33.76384,-84.31113
11502,33.76759,-84.317
11501,33.76645,-84.31207
3151048,33.507542,-84.137987
3151028,33.51984,-84.16745
48021,33.65111,-84.44927
1351377,33.82093,-84.11196
1351372,33.82401,-84.11976
11186,33.78996,-84.26476
11184,33.79937,-84.25781
11188,33.77615,-84.28283
11160,33.78128,-84.27437
11410,33.80321,-84.25014
11180,33.81632,-84.18206
11503,33.81163,-84.17109
11411,33.80953,-84.23986
11410,33.80321,-84.25014
11504,33.7756,-84.29269
11479,33.775568,-84.289661
11189,33.79509,-84.26292
11185,33.776467,-84.280346
11182,33.78519,-84.26955
120013,33.643178,-84.042165
83,33.75451,-84.38641
87,33.7544,-84.37945
89,33.75439,-84.37661
85,33.75444,-84.38232
82,33.75448,-84.38851
88,33.75435,-84.37805
90,33.75436,-84.37438
86,33.75442,-84.38031
84,33.75449,-84.3843
313,33.75432,-84.37214
8246,33.75436,-84.36802
432,33.75464,-84.36414
11193,33.76359,-84.20384
442,33.668949,-84.393303
7022,33.76263,-84.35281
7021,33.76458,-84.3503
7940,33.69958,-84.11791
7773,33.70279,-84.11576
11198,33.686438,-84.132952
7774,33.70172,-84.11626
7775,33.70087,-84.11681
11199,33.69458,-84.1284
7941,33.69944,-84.12041
11200,33.87186,-84.25081
9941,33.9269,-84.18008
9942,33.93561,-84.16114
9943,33.94795,-84.14012
9944,33.95147,-84.13255
11074,33.76265,-84.15025
9948,33.83126,-84.33839
9949,33.9118,-84.21251
11201,33.78309,-84.19391
11206,33.7014,-84.16999
11453,33.701994,-84.147516
3151001,33.62618,-84.25625
3151002,33.61959,-84.25129
3151005,33.60819,-84.22438
3151003,33.61859,-84.24574
3151004,33.62054,-84.2359
7063019,33.531271,-84.360449
7063020,33.522455,-84.361429
11208,33.73555,-84.31423
11209,33.8424,-84.21329
484,33.77826,-84.3978
309,33.77695,-84.39368
7063110,33.545518,-84.315461
7063109,33.56479,-84.29247
11212,33.74949,-84.1973
11213,33.85085,-84.25853
11214,33.875435,-84.255607
1135225,33.86992168,-84.09014382
11456,33.676197,-84.231374
11478,33.679792,-84.230728
11220,33.6553,-84.23096
11219,33.67154,-84.22881
340,33.72593,-84.32258
444,33.741913,-84.347244
8057,33.64384,-84.02204
71019,33.58667,-84.4793
71016,33.5788,-84.49841
11226,33.7234,-84.31848
71017,33.58218,-84.492
11225,33.71885,-84.30921
71018,33.58297,-84.48727
11224,33.71968,-84.31035
71020,33.58817,-84.47697
7063021,33.518218,-84.395423
7063022,33.518009,-84.380077
7063025,33.518517,-84.408827
7063024,33.518286,-84.391238
7063023,33.517907,-84.375262
3623,33.52399,-84.24506
3151013,33.52927,-84.24601
3151014,33.52399,-84.24506
3151019,33.50069,-84.24516
11228,33.90833,-84.27376
7063111,33.610549,-84.337392
7063112,33.610544,-84.33091
7063113,33.617882,-84.425432
7063026,33.611713,-84.295054
7801,33.75775,-84.37791
11350,33.89785,-84.25087
7806,33.7419,-84.39114
80003,33.74197,-84.3945
80004,33.74199,-84.39823
80002,33.74194,-84.39574
80001,33.74199,-84.39697
9818,33.63939,-84.49397
9822,33.7887,-84.49125
9823,33.8259,-84.48827
9824,33.84482,-84.48702
9825,33.86816,-84.47772
9819,33.65864,-84.49738
9826,33.91013,-84.42739
9827,33.91561,-84.40466
9828,33.91171,-84.37637
9829,33.91389,-84.35094
9830,33.9185,-84.33592
9831,33.91908,-84.29446
9832,33.91056,-84.28446
9833,33.88087,-84.25014
9834,33.84412,-84.24785
9835,33.82756,-84.25284
9836,33.80087,-84.25018
9837,33.77538,-84.23791
9838,33.75174,-84.23209
9839,33.73484,-84.23121
9840,33.61768,-84.43717
9841,33.61657,-84.44154
9821,33.75214,-84.49544
8565,33.67964,-84.44176
8566,33.6781,-84.44221
8567,33.67552,-84.44287
8564,33.68308,-84.44135
8570,33.67935,-84.44022
8568,33.67427,-84.44212
8561,33.69699,-84.42967
8571,33.67035,-84.44355
8569,33.6754,-84.44161
8563,33.68521,-84.44025
8608,33.93097,-84.26488
8501,33.71408,-84.00498
8557,33.66081,-84.41011
8556,33.65884,-84.40897
8558,33.66534,-84.40858
7911,33.7138,-84.36859
183,33.77122,-84.38885
223,33.77129,-84.38343
172,33.77125,-84.38741
214,33.77128,-84.38499
186,33.79575,-84.38772
185,33.7972,-84.38883
184,33.79807,-84.39057
187,33.7944,-84.3877
7063029,33.58771,-84.394922
157,33.74945,-84.39604
159,33.74809,-84.39357
158,33.74869,-84.39483
360,33.73666,-84.37816
357,33.73677,-84.38412
109,33.75263,-84.38416
108,33.7535,-84.38532
248,33.77116,-84.36771
284,33.73979,-84.35828
285,33.74051,-84.36175
11388,33.739489,-84.29548
11240,33.739828,-84.300426
11142,33.737946,-84.251978
11235,33.738118,-84.263472
11238,33.737164,-84.230125
11165,33.738056,-84.259263
11237,33.737738,-84.243876
11239,33.738532,-84.280318
11477,33.737228,-84.231424
11010,33.736958,-84.224167
7910,33.73837,-84.26812
11241,33.738021,-84.255399
11012,33.73732,-84.23428
48005,33.61623,-84.46307
7063114,33.615951,-84.456864
12004,33.666342,-84.018594
447,33.686334,-84.491321
448,33.689617,-84.489074
446,33.688031,-84.489801
485,33.691555,-84.489655
11243,33.715426,-84.310429
11244,33.7133,-84.3105
111,33.75286,-84.38595
120,33.75035,-84.38654
9842,33.63454,-84.4912
9846,33.78521,-84.49471
9847,33.79983,-84.48894
9848,33.82468,-84.49063
9849,33.84174,-84.48782
9850,33.86153,-84.48104
9851,33.88369,-84.47133
9843,33.65425,-84.49789
9852,33.90537,-84.43411
9853,33.91617,-84.40959
9801,33.91265,-84.38152
9854,33.91042,-84.36385
9855,33.91747,-84.34128
9856,33.92052,-84.31745
9802,33.91542,-84.28796
9857,33.90398,-84.2753
9858,33.88682,-84.25235
9859,33.85217,-84.2462
9860,33.84765,-84.24672
9861,33.82975,-84.25199
9862,33.80532,-84.25006
9863,33.78196,-84.24467
9864,33.75345,-84.23159
9865,33.73885,-84.23041
9866,33.61762,-84.43535
9845,33.75251,-84.49619
11368,33.78707,-84.19562
8183,33.92055,-84.34226
82012,33.920598,-84.343888
82010,33.919601,-84.347579
363,33.72657,-84.3881
7063115,33.599433,-84.331901
7063116,33.599516,-84.33317
48009,33.6534,-84.45419
11249,33.7935,-84.31758
11248,33.79198,-84.3147
47019,33.69013,-84.46234
47017,33.6911,-84.47414
47015,33.6911,-84.47195
47014,33.69034,-84.48341
47018,33.68957,-84.48574
47016,33.68925,-84.45734
47031,33.68513,-84.44994
11252,33.84556,-84.25537
11255,33.85231,-84.25898
11058,33.84686,-84.25557
11254,33.86121,-84.25153
11059,33.855,-84.25916
11251,33.86781,-84.2506
11253,33.87526,-84.25275
1135272,33.85278,-84.01908
1851,33.85278,-84.01908
8274,33.64915,-84.47215
380,33.76143,-84.37434
7033,33.77542,-84.3525
7847,33.82793,-84.49549
7922,33.74282,-84.3793
11176,33.7597,-84.29636
7668,33.74739,-84.37954
76000,33.7456,-84.3793
11256,33.70691,-84.13037
47020,33.67786,-84.47716
11258,33.76373,-84.23374
323,33.80463,-84.47048
331,33.77986,-84.45532
449,33.80369,-84.470318
7067257,33.951789,-84.477979
332,33.75331,-84.32621
296,33.75114,-84.3162
295,33.75147,-84.32281
301,33.7534,-84.33314
297,33.75336,-84.32922
293,33.75107,-84.30979
295,33.75147,-84.32281
298,33.75344,-84.33865
300,33.75337,-84.33465
294,33.75338,-84.33177
80009,33.79676,-84.32526
11262,33.80761,-84.32082
395,33.78158,-84.41119
393,33.78778,-84.41195
342,33.79041,-84.41204
397,33.80949,-84.41293
7121614,33.803115,-84.414449
7121633,33.80565,-84.413142
7916,33.80562,-84.41315
398,33.82514,-84.41657
289,33.8014,-84.41557
288,33.80317,-84.41443
291,33.79956,-84.41599
394,33.77969,-84.41022
392,33.78584,-84.41171
290,33.80048,-84.4159
431,33.811,-84.41283
3151021,33.50352,-84.23887
3151022,33.50438,-84.2361
3258,33.50551,-84.2322
3151020,33.50241,-84.24178
8284,33.83867,-84.16415
8208,33.82751,-84.15473
1745,33.967664,-84.005429
1135115,33.967664,-84.005429
110,33.75388,-84.38699
11271,33.71104,-84.21748
11269,33.70272,-84.17053
7670,33.70013,-84.08862
7063027,33.611797,-84.29753
3219,33.5064,-84.23009
174,33.78152,-84.39059
237,33.7713,-84.39069
173,33.78154,-84.3916
8615,33.835481,-84.327139
11400,33.86419,-84.28835
8616,33.836062,-84.327506
11401,33.86502,-84.28928
11383,33.83396,-84.21409
1877,33.92766,-84.17567
1882,33.91935,-84.16679
1879,33.92263,-84.17222
1881,33.92084,-84.16954
1878,33.92595,-84.17455
1886,33.9101,-84.15767
1889,33.90041,-84.14704
1888,33.90457,-84.15382
1876,33.93044,-84.17754
1883,33.91573,-84.16315
1887,33.90615,-84.156
1884,33.91245,-84.16068
1351147,33.927705,-84.175722
1351159,33.90045,-84.147016
1351151,33.921007,-84.169524
1351149,33.922709,-84.17223
1351152,33.919404,-84.166742
1351153,33.915697,-84.163098
1351146,33.930575,-84.177642
1351148,33.925894,-84.174496
1351157,33.906133,-84.156072
1351158,33.904541,-84.153768
47021,33.6759,-84.4393
47022,33.67941,-84.43558
47023,33.6765,-84.43804
47054,33.67542,-84.44068
120024,33.677137,-84.060761
8526,33.66461,-84.03328
368,33.75769,-84.37434
367,33.75768,-84.37658
12,33.76466,-84.39037
11,33.76463,-84.39191
10,33.76458,-84.39353
8,33.76426,-84.39725
12,33.76466,-84.39037
14,33.76482,-84.38749
7,33.763859,-84.400131
9,33.764576,-84.396133
9950,33.98528,-84.33999
450,33.758779,-84.374301
1667,33.90216,-84.20535
1135232,33.89931,-84.20341
1135230,33.90461,-84.20578
1135234,33.89638,-84.19719
1671,33.89503,-84.1968
1135240,33.88805,-84.19408
1677,33.88511,-84.19154
1676,33.88805,-84.19408
1668,33.89931,-84.20341
1135229,33.90738,-84.20611
1670,33.89638,-84.19719
1135241,33.88511,-84.19154
1135242,33.87793,-84.18875
1135235,33.89503,-84.1968
1678,33.87793,-84.18875
1666,33.90461,-84.20578
1669,33.89708,-84.19874
1135231,33.90216,-84.20535
1665,33.90738,-84.20611
3151016,33.50006,-84.25751
54,33.7574,-84.3802
7904,33.9809,-84.4254
7905,33.98555,-84.42722
7067241,33.942658,-84.403772
7067232,33.976761,-84.415867
67077,33.992983,-84.429379
7067238,33.952123,-84.411573
7067229,33.979554,-84.42193
7067237,33.955281,-84.411764
7067235,33.966442,-84.411891
8170,33.89125,-84.32362
7067233,33.973832,-84.41355
7067230,33.979095,-84.42062
67088,33.995225,-84.433985
7067240,33.94513,-84.406431
7067234,33.969426,-84.413548
7067231,33.978233,-84.417596
7067234,33.969426,-84.413548
7067236,33.964042,-84.411618
1860,33.9327,-84.24421
1351130,33.932726,-84.244177
1351129,33.928136,-84.248592
1859,33.92813,-84.24863
320,33.76357,-84.42761
314,33.76364,-84.45592
7121615,33.76356,-84.4293
316,33.76357,-84.44102
317,33.76355,-84.43742
310,33.76343,-84.41261
315,33.76365,-84.4474
319,33.76356,-84.4293
318,33.76355,-84.43298
321,33.76345,-84.42434
585,33.763587,-84.42202
8149,33.75662,-84.41753
8151,33.73343,-84.41773
8135,33.74323,-84.41759
8136,33.74449,-84.41754
8147,33.75781,-84.41756
8140,33.75222,-84.41753
8134,33.7407,-84.41771
311,33.76711,-84.41744
8139,33.74912,-84.41753
8137,33.74544,-84.41755
8138,33.74664,-84.41756
7697,33.7722,-84.41737
8148,33.76349,-84.4175
8150,33.73582,-84.41774
7921,33.7419,-84.41767
210,33.78649,-84.38206
219,33.77843,-84.38274
221,33.77604,-84.38297
216,33.78304,-84.38235
218,33.77952,-84.38263
220,33.77725,-84.38285
216,33.78304,-84.38235
7122078,33.78543,-84.382186
9958,33.97931,-84.34354
11073,33.77109,-84.24142
11412,33.77159,-84.23967
99995,33.7769,-84.38704
99996,33.787505,-84.384127
1135104,33.86818647,-84.09360041
1135762,33.89006328,-84.1255745
1135361,33.87174494,-84.1038794
1135505,33.87861659,-84.11205561
1135361,33.87174494,-84.1038794
1135746,33.89144759290905,-84.12815097
49005,33.65974,-84.40823
7063118,33.58169,-84.43005
12001,33.664699,-84.035176
10034,33.696427,-84.4121
7140,33.81783,-84.34988
451,33.761569,-84.357994
7063031,33.58317,-84.312931
7603032,33.58023,-84.33019
7063033,33.580816,-84.32519
8123,33.91253,-84.34721
8124,33.91673,-84.33984
8125,33.91238,-84.346
7063119,33.511224,-84.323333
7063034,33.62914722,-84.41423611
59001,33.895492,-84.485066
374,33.70508,-84.38038
7121627,33.705046,-84.380338
375,33.721466,-84.383278
324,33.699341,-84.392082
373,33.7029,-84.38374
7063035,33.56560833,-84.40776667
7063137,33.569864,-84.403023
7063036,33.561697,-84.409336
11423,33.844537,-84.256871
11276,33.846499,-84.24643
11060,33.839168,-84.268123
11063,33.85443,-84.22314
11311,33.81462,-84.34013
11463,33.846483,-84.251744
11454,33.834004,-84.272138
11022,33.815759,-84.32356
11423,33.844537,-84.256871
11307,33.846882,-84.244608
11302,33.85557,-84.21529
11303,33.85267,-84.22865
11308,33.82471,-84.29301
11310,33.81674,-84.32998
11278,33.84639,-84.248
11455,33.854781,-84.21727
11309,33.84644,-84.24983
11311,33.81462,-84.34013
1351270,33.98912,-84.02816
1351268,33.97272,-84.01835
1351267,33.97068,-84.01847
1351269,33.98466,-84.02345
1782,33.935966,-84.028124
1351336,33.96076,-84.02084
1135290,33.935966,-84.028124
1351271,33.99155,-84.03269
8560,33.69936,-84.42932
7121606,33.718223,-84.425185
8559,33.70156,-84.42912
48023,33.64873,-84.44759
48003,33.64771,-84.44917
8152,33.69699,-84.42967
8154,33.74439,-84.41402
8153,33.69937,-84.42933
8133,33.7407,-84.41405
7923,33.74181,-84.41403
8132,33.73577,-84.41418
7062,33.84871,-84.36069
7139,33.83078,-84.35596
7061,33.84671,-84.35934
7138,33.8345,-84.3575
7060,33.84557,-84.35858
7059,33.8436,-84.35815
11312,33.83,-84.15208
371,33.82103,-84.37016
462,33.820998,-84.373169
452,33.82072,-84.368872
224,33.76984,-84.38406
273,33.76982,-84.38515
11313,33.64772,-84.26715
12009,33.74346132972801,-84.10939214
11268,33.702167,-84.131025
11314,33.72686,-84.11772
11315,33.74456,-84.10381
11514,33.695378,-84.133233
11316,33.73488,-84.11531
11272,33.704072,-84.130796
1674,33.90723,-84.20299
1135238,33.90723,-84.20299
11318,33.9077,-84.27309
480,33.64103,-84.40312
479,33.64508,-84.40144
7067262,33.960572,-84.430387
7067265,33.966032,-84.408715
7067263,33.963042,-84.425278
7067259,33.945137,-84.482305
7067258,33.946833,-84.486333
7067260,33.943111,-84.477842
7067264,33.964725,-84.41614
7067261,33.952447,-84.446216
453,33.742304,-84.427102
376,33.74231,-84.43239
65,33.75686,-84.38907
63,33.7584,-84.39067
64,33.75789,-84.39011
3,33.767822,-84.396118
1,33.768894,-84.396088
7962,33.733,-84.48892
345,33.64103,-84.40847
10035,33.690674,-84.4929
454,33.688786,-84.390427
7063042,33.519086,-84.354403
7063038,33.618748,-84.35392
7063037,33.620115,-84.361502
7063044,33.52137,-84.35448
48010,33.65339,-84.44954
7063040,33.619387,-84.356456
48002,33.64746,-84.45016
7063038,33.618748,-84.35392
7063044,33.52137,-84.35448
7063045,33.52979,-84.35444
7063046,33.525,-84.3544
7063041,33.62242,-84.36895
7063045,33.52979,-84.35444
11319,33.805923,-84.170291
11179,33.808132,-84.170646
48013,33.64463,-84.4523
11320,33.76954,-84.19392
11323,33.69642,-84.10126
11470,33.698576,-84.108368
11322,33.69363,-84.09564
11324,33.77773,-84.16195
11326,33.72698,-84.1317
11325,33.7342,-84.16823
97,33.75642,-84.39209
100,33.75493,-84.39053
98,33.75593,-84.3916
96,33.75698,-84.39268
99,33.75544,-84.39106
281,33.77314,-84.40319
7121617,33.81882,-84.45044
384,33.79476,-84.43186
80008,33.79625,-84.43271
584,33.8212,-84.4546
8287,33.81435151813567,-84.44044606
7121647,33.79072,-84.42939
387,33.80247,-84.43631
386,33.7907,-84.42943
385,33.78632,-84.42783
389,33.81711,-84.44729
333,33.7887,-84.42833
388,33.81052,-84.4388
487,33.818817,-84.450446
370,33.78836,-84.43666
92,33.76132,-84.39598
95,33.75793,-84.39353
93,33.76011,-84.39492
94,33.75903,-84.39437
7121618,33.788381,-84.436609
11328,33.81031,-84.24158
7121635,33.753765,-84.43206
11329,33.75982,-84.17842
7667,33.74788,-84.38383
11391,33.77695,-84.19248
11332,33.71287,-84.10795
349,33.64107,-84.41609
11335,33.73166,-84.26604
11334,33.73213,-84.30965
7802,33.7423,-84.40327
390,33.72936,-84.4016
7251,33.74024,-84.40245
391,33.73192,-84.40176
7252,33.73814,-84.40166
7250,33.74356,-84.404
400,33.73055,-84.40163
403,33.7221,-84.40167
401,33.72572,-84.40175
7249,33.74158,-84.40293
455,33.764847,-84.339696
1135285,33.984804,-84.10009
1773,33.984804,-84.10009
8195,33.93171,-84.33496
8194,33.93154,-84.3392
8193,33.93082,-84.3437
282,33.77381,-84.40284
1848,33.981784,-84.212488
1135251,33.981784,-84.212488
162,33.74693,-84.39442
165,33.74692,-84.3877
348,33.74718,-84.30019
164,33.74689,-84.39093
163,33.74689,-84.39281
11229,33.87717,-84.26786
7188,33.685501,-84.408226
11341,33.7012,-84.18448
120023,33.67978,-84.004309
12000,33.667995,-84.01778
8146,33.75281,-84.39646
146,33.75032,-84.39185
147,33.74965,-84.39066
145,33.75095,-84.39303
7191,33.75385,-84.39954
144,33.75168,-84.39434
133,33.75241,-84.39566
148,33.74891,-84.38933
131,33.74939,-84.38728
125,33.75276,-84.39349
128,33.75142,-84.39096
127,33.75207,-84.39214
8143,33.75472,-84.41009
7190,33.75405,-84.40044
8142,33.75467,-84.41279
132,33.74867,-84.38625
129,33.75082,-84.38985
130,33.75005,-84.38845
10609,33.75193,-84.49165
481,33.7519,-84.4916
8141,33.75468,-84.41756
303,33.75374,-84.43204
307,33.75481,-84.42129
304,33.75349,-84.42809
306,33.75472,-84.41982
8074,33.7538,-84.43336
305,33.75414,-84.42441
126,33.75242,-84.3928
302,33.75205,-84.44023
8145,33.7546,-84.40646
8144,33.754681,-84.407611
239,33.79082,-84.36713
241,33.78569,-84.36745
240,33.7882,-84.36724
254,33.7795,-84.36939
135,33.79617,-84.36815
405,33.80186,-84.37231
406,33.79895,-84.37059
249,33.7918,-84.36698
7561,33.82729,-84.25757
407,33.83048,-84.43133
466,33.844507,-84.40728
7924,33.83112,-84.42697
408,33.83048,-84.43132
7063141,33.58566,-84.351079
7063148,33.590632,-84.364817
7063140,33.590688,-84.365932
11429,33.910609,-84.285741
11475,33.909077,-84.283017
8224,33.82901,-84.19622
8223,33.83214,-84.19824
8219,33.83755,-84.20087
8222,33.83437,-84.19995
8218,33.84123,-84.2009
8221,33.83559,-84.20039
11347,33.85914,-84.188
8217,33.84528,-84.2009
11348,33.85754,-84.19064
7063055,33.559514,-84.32441
7063047,33.552172,-84.33385
7063048,33.566317,-84.318924
7063049,33.563475,-84.321313
7063051,33.562544,-84.321754
7063053,33.593508,-84.301965
7063126,33.547054,-84.333975
7063054,33.568738,-84.315098
7063050,33.582171,-84.303344
7063052,33.561437,-84.322464
7063125,33.571159,-84.309691
7063057,33.555142,-84.309455
7063058,33.560055,-84.314309
7063056,33.55641,-84.299163
7063064,33.572001,-84.355618
7063059,33.56001,-84.321681
7063069,33.571293,-84.34654
7063068,33.571323,-84.345544
7063060,33.570679,-84.332527
7063062,33.571786,-84.352985
7063063,33.572584,-84.360833
7063061,33.563543,-84.324942
7063065,33.571316,-84.335988
7063066,33.571401,-84.348722
7063070,33.571505,-84.337768
7063127,33.556416,-84.299133
7063071,33.572365,-84.358635
7063067,33.565535,-84.326767
7690,33.8646,-84.43985
457,33.867431,-84.429066
7691,33.86538,-84.43938
458,33.868105,-84.432666
8201,33.94695,-84.33152
58004,33.955238,-84.30561
8203,33.94859,-84.32466
8202,33.95042,-84.31947
58003,33.957372,-84.302656
8196,33.94606,-84.33435
58002,33.959296,-84.299789
58001,33.959771,-84.296302
7089009,33.792161,-84.258556
7089010,33.791347,-84.256553
7382,33.79062,-84.3074
7315,33.79034,-84.30432
7445,33.85336,-84.3392
7446,33.84357,-84.33994
7447,33.83982,-84.34287
7448,33.84488,-84.33921
7243,33.85727,-84.3402
8226,33.82247,-84.19492
8228,33.8055,-84.19366
8227,33.81158,-84.1937
7025,33.77107,-84.35252
411,33.79307,-84.35162
414,33.78234,-84.35433
412,33.78756,-84.35538
410,33.79682,-84.35011
413,33.79121,-84.35538
12008,33.80622,-84.24071
8114,33.654946,-84.43542
58023,33.920614,-84.296823
58021,33.930941,-84.294746
58020,33.935857,-84.29406
58022,33.922452,-84.296436
58024,33.919507,-84.297035
58014,33.923107,-84.306376
58013,33.925568,-84.308825
58016,33.919878,-84.305076
58015,33.920786,-84.305375
58012,33.926636,-84.310292
9965,33.8094,-84.2683
9966,33.82615,-84.23111
9967,33.83456,-84.19883
9968,33.82375,-84.14481
11352,33.89836,-84.28342
11169,33.901933,-84.280263
11474,33.90028,-84.281706
11079,33.90295,-84.27902
11402,33.90397,-84.27735
7331,33.91103,-84.26762
47025,33.67268,-84.42641
47026,33.66543,-84.42834
47029,33.68582,-84.4474
47028,33.68209,-84.43551
47030,33.68323,-84.43794
47027,33.68752,-84.45348
8288,33.767083335910776,-84.36243307
11385,33.78348,-84.27657
236,33.77128,-84.39207
253,33.77124,-84.37777
7121621,33.76813,-84.44101
275,33.77124,-84.39898
262,33.77113,-84.36597
255,33.77135,-84.39617
583,33.76814,-84.44099
246,33.77119,-84.37278
245,33.77121,-84.37475
247,33.77118,-84.37177
287,33.771096,-84.365008
11356,33.77567,-84.27065
11360,33.79107,-84.29974
11464,33.788331,-84.323285
11430,33.78721,-84.24691
11361,33.78675,-84.24594
11025,33.79238,-84.28672
11236,33.78981,-84.25269
11465,33.792056,-84.283331
11457,33.789984,-84.318287
11365,33.79263,-84.28131
11363,33.7892,-84.33289
11367,33.79272,-84.09877
7435,33.81771,-84.3121
7436,33.81472,-84.3096
7438,33.81261,-84.29723
7437,33.82223,-84.31637
7439,33.81065,-84.29181
7441,33.81192,-84.27914
7442,33.81091,-84.27557
7440,33.81027,-84.28943
7370,33.82697,-84.32706
7368,33.82559,-84.32287
7369,33.82672,-84.32533
7756,33.79997,-84.19375
11390,33.79134,-84.194974
11461,33.796642,-84.236475
7754,33.7857,-84.23674
11338,33.79575,-84.2364
11480,33.806541,-84.241363
11370,33.919881,-84.305041
8286,33.64294,-84.44599
11476,33.898811,-84.250983
11459,33.896409,-84.250649
11371,33.90086,-84.25115
11372,33.851,-84.24461
11277,33.851247,-84.247144
11375,33.83965,-84.24109
11374,33.85139,-84.24906
11482,33.84944,-84.24458
11203,33.832074,-84.289749
1351150,33.920881,-84.169495
1135154,33.91915441,-84.18826704
1880,33.92081,-84.17446
11376,33.90663,-84.25459
7236,33.91267,-84.26503
11377,33.90485,-84.24632
7067217,33.819396,-84.499042
443,33.772815,-84.341686
12007,33.660198,-84.019623
11378,33.68236,-84.27277
11379,33.67408,-84.26598
7906,33.98322,-84.46249
7067256,33.967562,-84.462736
3151010,33.56498,-84.19679
7799,33.65284,-84.39765
71029,33.60418,-84.47203
71024,33.57305,-84.46845
71022,33.56306,-84.46864
71027,33.59654,-84.46912
71023,33.57911,-84.46955
1351335,33.95645,-84.01782
1351346,33.949,-84.0911
1351343,33.95135,-84.06625
1351347,33.9518,-84.10156
1351341,33.95248,-84.05805
1351340,33.95301,-84.05091
1351339,33.95422,-84.03616
1351348,33.95811,-84.1107
1351334,33.95931,-84.01232
1351344,33.95193,-84.06842
1351345,33.94948,-84.08284
1351337,33.95452,-84.02142
1351342,33.95193,-84.05969
7510,33.857,-84.2077
1135010,33.9521619,-84.16831419
8532,33.63766,-84.00024
7121622,33.77734,-84.476121
9969,33.82429,-84.23576
9970,33.83536,-84.20229
9971,33.82386,-84.15522
9972,33.82302,-84.12386
7067220,33.859753,-84.456914
11505,33.76543,-84.31259
7063073,33.61101944,-84.26988056
7063072,33.61165556,-84.28646944
11441,33.71452,-84.1656
11446,33.71208,-84.16624
11440,33.67857,-84.1784
11445,33.73877,-84.16924
11444,33.69479,-84.17382
11442,33.65412,-84.18812
11380,33.73049,-84.16737
11443,33.70887,-84.16821
11205,33.70099,-84.17191
11381,33.6992,-84.17282
11439,33.68712,-84.17578
11020,33.74757,-84.16539
11449,33.67356,-84.27762
7067266,33.936984,-84.453125
7067267,33.936984,-84.453125
12002,33.656698,-84.020442
11424,33.84549,-84.25071
377,33.76992,-84.37297
378,33.7663,-84.37342
117,33.7537,-84.39028
81,33.75498,-84.38928
101,33.7544,-84.38971
61,33.75788,-84.38763
276,33.76739,-84.3854
76,33.75566,-84.38885
60,33.75845,-84.38761
51,33.75714,-84.3861
33,33.76223,-84.38602
41,33.76097,-84.38605
48,33.75842,-84.38607
45,33.75969,-84.38606
477,33.86401,-84.35794
1351132,33.940152,-84.249004
268,33.78319,-84.38386
264,33.79067,-84.38516
274,33.78658,-84.38311
27,33.7631,-84.38692
32,33.76228,-84.38751
269,33.78078,-84.38409
271,33.77852,-84.38432
270,33.77953,-84.38422
263,33.79252,-84.38637
40,33.76097,-84.38757
266,33.78846,-84.3839
44,33.75971,-84.38759
272,33.76828,-84.38529
40,33.76097,-84.38757
267,33.78432,-84.38307
265,33.78962,-84.38446
7122060,33.785447,-84.383021
258,33.77615,-84.38454
257,33.77737,-84.38443
261,33.77227,-84.38489
260,33.77369,-84.3848
259,33.77492,-84.38466
383,33.87421,-84.35786
66,33.75627,-84.38851
8186,33.92213,-84.34548
8185,33.92059,-84.345468
8188,33.92551,-84.34527
8184,33.91887,-84.34504
8187,33.9234,-84.34534
82011,33.917772,-84.345811
8190,33.92735,-84.34371
8191,33.92798,-84.34511
8192,33.92933,-84.34669
8189,33.92702,-84.34152
8126,33.91291,-84.3391
80007,33.74843607148822,-84.47391131
134,33.83701,-84.37634
107,33.83704,-84.37112
483,33.7263,-84.3685
7063146,33.61515,-84.35766
7081,33.85564,-84.36106
7080,33.85416,-84.36432
229,33.77128,-84.38189
43,33.76093,-84.38214
235,33.79166,-84.37423
53,33.75712,-84.38226
228,33.76751,-84.38203
47,33.75967,-84.38218
230,33.77594,-84.38146
232,33.77953,-84.3811
50,33.75838,-84.38222
233,33.7818,-84.38049
35,33.76221,-84.3821
211,33.78648,-84.37813
227,33.76555,-84.38206
230,33.77594,-84.38146
234,33.78426,-84.3789
7063130,33.603359,-84.355292
1351106,33.976592,-84.163267
1708,33.91127,-84.11396
1135064,33.95172487,-84.12962206
1709,33.90829,-84.11217
1135254,33.94378089,-84.12416169
1899,33.95887,-84.13458
1135346,33.93245,-84.12014528
120017,33.75593,-84.017547
1135347,33.92978821,-84.11771554
1135307,33.99086137,-84.16083228
1930,33.95438,-84.13145
1135314,33.99615368,-84.16236736
1135065,33.95278039,-84.1303635
1919,33.91899,-84.11362
1135343,33.96259434,-84.1375842
1135344,33.96084461,-84.1358779
1135345,33.936938,-84.1207571
1351391,33.95694742,-84.13321453
1351390,33.95529479,-84.13208178
1927,33.94973,-84.12823
1135155,33.94737634,-84.12667593
1135347,33.92978821,-84.11771554
1135591,33.98566,-84.1594248
1135144,33.96390184,-84.1395806
1135342,33.96618339,-84.14231086
1135321,33.97234619,-84.14956878
1920,33.92477,-84.11391
11517,33.893142,-84.233653
11460,33.901768,-84.244377
11384,33.884,-84.22041
11019,33.90622,-84.24659
11397,33.896994,-84.242541
11458,33.900538,-84.243901
11900,33.7206,-84.36075
205,33.77242,-84.38884
7800,33.65145,-84.39452
7121612,33.652864,-84.397676
123,33.75251,-84.39011
344,33.707165,-84.397346
423,33.712151,-84.393509
421,33.70517,-84.39885
337,33.727406,-84.393143
422,33.70873,-84.39353
327,33.702614,-84.398964
328,33.738056,-84.3946
325,33.71416,-84.39347
326,33.71845,-84.39346
80005,33.74457,-84.39448
7928,33.74191,-84.39246
7063028,33.612256,-84.299514
11462,33.707202,-84.224046
11242,33.71109,-84.259
11452,33.708265,-84.234646
488,33.737431,-84.389413
355,33.736885,-84.390846
468,33.736575,-84.404765
18,33.76418,-84.38059
16,33.76434,-84.38416
15,33.76456,-84.38575
381,33.76395,-84.36781
17,33.7642,-84.38208
19,33.76411,-84.37789
379,33.76399,-84.37373
382,33.76133,-84.36792
11415,33.78662,-84.21801
11333,33.80158,-84.22029
402,33.73701,-84.40163
351,33.73694,-84.39714
352,33.73682,-84.3948
286,33.736893,-84.387886
11211,33.7598,-84.17561
11417,33.74899,-84.14934
11416,33.76376,-84.22326
11438,33.75596,-84.16544
11413,33.76361,-84.22859
7063075,33.59736,-84.25982
7063132,33.599119,-84.321188
7063074,33.5906,-84.2785
7063131,33.595831,-84.313488
1135159,33.88754876,-84.09208073
1135224,33.8867802,-84.09364004
1135220,33.88437356,-84.09985999
11448,33.674293,-84.258316
48017,33.63464,-84.46799
48019,33.62871,-84.4477
48018,33.62998,-84.45151
48024,33.62957,-84.45538
1758,33.963556,-84.037119
1759,33.960623,-84.035874
1760,33.958662,-84.034467
1351338,33.95324,-84.02663
1135152,33.958662,-84.034467
1351338,33.95324,-84.02663
1135150,33.90829790481011,-84.18323657
58025,33.957015,-84.335884
7089006,33.977596,-84.341193
7067255,33.968935,-84.481386
3151024,33.50872,-84.22874
3151015,33.52412,-84.23047
11395,33.787661,-84.156173
1707,33.88561,-84.16612
1351380,33.81006,-84.09779
1351378,33.81725,-84.1064
1135295,33.88561,-84.16612
1351379,33.8167,-84.10492
1351371,33.82567,-84.12357
11420,33.78579,-84.11864
11406,33.785602,-84.10538
7755,33.78677,-84.23219
11418,33.78635,-84.20361
11366,33.7851,-84.10213
11408,33.78614,-84.1104
11407,33.79039,-84.17183
11431,33.78669,-84.16283
11419,33.7848,-84.12859
11246,33.78709,-84.21283
71048,33.62217,-84.49942
71049,33.62286,-84.49213
48015,33.64135,-84.45628
48014,33.643,-84.45433
7063133,33.555716,-84.401115
7063147,33.5557,-84.40109
7121616,33.850679,-84.356601
7454,33.85188,-84.35792
7453,33.85066,-84.35666
11515,33.76927,-84.28614
7063134,33.637882,-84.402783
7942,33.72918,-84.19521
1902,33.96372,-84.1313
1891,33.9402,-84.16755
1906,33.96298,-84.12166
1894,33.94997,-84.14957
1897,33.95634,-84.13924
1351163,33.942735,-84.160412
1905,33.96367,-84.12398
1901,33.96187,-84.1323
1351161,33.940185,-84.167515
1895,33.95108,-84.14721
1351162,33.941599,-84.163317
1903,33.9645,-84.12979
1897,33.95634,-84.13924
1911,33.98557,-84.09198
1896,33.9549,-84.14124
1900,33.96009,-84.13293
1893,33.94272,-84.16054
1908,33.9617,-84.11574
1909,33.96508,-84.10757
1913,33.99184,-84.08647
1892,33.94135,-84.16338
1898,33.95787,-84.13676
1904,33.96411,-84.12591
1907,33.96183,-84.11852
11450,33.72098,-84.308
7067254,33.993652,-84.443817
38006,33.86999,-84.29033
38005,33.88006,-84.28689
11216,33.85824,-84.28365
11403,33.86257,-84.28717
7123,33.82507,-84.35941
7121,33.82578,-84.36258
7122,33.82539,-84.36054
7120,33.82587,-84.36575
120021,33.685283,-84.003541
120012,33.68381,-84.061325
120018,33.686166,-84.043833
120014,33.684149,-84.058639
120016,33.6855541,-84.049371
120026,33.689234,-84.021759
8523,33.68288,-84.06431
8527,33.682693,-84.065589
8522,33.68319,-84.06313
1135239,33.90493,-84.20086
1885,33.91351,-84.16381
1675,33.90493,-84.20086
120010,33.66121,-84.049866
120011,33.653055,-84.050044
11471,33.69797,-84.20657
11070,33.67924,-84.195483
11472,33.709357,-84.17374
11317,33.71125,-84.18511
11342,33.71117,-84.18068
11467,33.711267,-84.189653
11166,33.76817,-84.28455
11421,33.76817,-84.10084
11409,33.76979,-84.10252
11023,33.74792,-84.197
11192,33.77256,-84.19403
11466,33.75949,-84.19685
11433,33.74487,-84.1319
334,33.652153,-84.380608
7089004,33.963773,-84.26764
1135210,33.965888,-84.263366
1471,33.968749,-84.255693
1135209,33.968749,-84.255693
175,33.7899,-84.38931
204,33.77588,-84.38881
188,33.79565,-84.38905
195,33.78665,-84.38924
199,33.78445,-84.38921
203,33.77685,-84.38879
201,33.77955,-84.38882
189,33.79331,-84.38914
198,33.76963,-84.38886
190,33.79184,-84.38921
202,33.77805,-84.38878
180,33.76736,-84.38789
7121004,33.78056,-84.388994
7121006,33.775114,-84.388822
7121005,33.773886,-84.388841
7063136,33.61524,-84.37377
1135273,33.85538,-84.01064
7736,33.78833,-84.23235
1725,33.84022,-84.064
7741,33.7999,-84.217
1135257,33.82713,-84.09624
7745,33.8005,-84.19653
7731,33.77784,-84.24198
1135266,33.8538,-84.03329
1723,33.83478,-84.07997
1135261,33.84022,-84.064
1135257,33.82713,-84.09624
1727,33.84435,-84.05539
1730,33.8538,-84.03329
7742,33.8007,-84.21205
7744,33.80058,-84.20158
7023,33.76823,-84.35854
1724,33.83761,-84.06944
1728,33.85138,-84.04407
1714,33.85632,-84.01475
1720,33.82466,-84.10484
7926,33.75935,-84.37835
7735,33.78674,-84.23367
1135268,33.85604,-84.02497
1135269,33.85757,-84.02003
7572,33.77106,-84.29261
7926,33.75935,-84.37835
7735,33.78674,-84.23367
1135260,33.83761,-84.06944
1729,33.85266,-84.03944
7571,33.76971,-84.29651
1135259,33.83478,-84.07997
7927,33.76031,-84.37893
1712,33.85757,-84.02003
1135268,33.85604,-84.02497
7571,33.76971,-84.29651
7733,33.78035,-84.23859
1135264,33.85138,-84.04407
1135271,33.85632,-84.01475
7732,33.77847,-84.24062
7796,33.76018,-84.37209
7730,33.77699,-84.24383
1135264,33.85138,-84.04407
1135256,33.82466,-84.10484
1726,33.84207,-84.0602
1135275,33.85619,-84.00047
7743,33.80107,-84.20614
7738,33.79491,-84.22631
7748,33.80688,-84.186
7740,33.79874,-84.2208
1135265,33.85266,-84.03944
1715,33.85538,-84.01064
7749,33.8105,-84.18188
1719,33.8233,-84.11233
1135265,33.85266,-84.03944
1135255,33.8233,-84.11233
1719,33.8233,-84.11233
1135274,33.85572,-84.00227
1135267,33.85513,-84.0283
7024,33.7711,-84.35947
1135267,33.85513,-84.0283
1711,33.85604,-84.02497
7747,33.80467,-84.18951
7020,33.76912,-84.35253
7746,33.80228,-84.19373
7770,33.7164,-84.12996
7768,33.71977,-84.15479
7771,33.71426,-84.12444
8108,33.75223,-84.23117
7781,33.73682,-84.21682
7772,33.70654,-84.11396
8107,33.75297,-84.23246
7779,33.74721,-84.22236
7778,33.75125,-84.22948
7780,33.74379,-84.21874
7789,33.72736,-84.18645
7788,33.73117,-84.19442
8109,33.72542,-84.18153
7767,33.72294,-84.16702
7787,33.73258,-84.20203
7777,33.75564,-84.2372
7769,33.71755,-84.14577
7890,33.97807,-84.4406
7897,33.96315,-84.49411
7889,33.97807,-84.43718
7882,33.9908,-84.41713
7887,33.98015,-84.43276
7900,33.95845,-84.49938
7899,33.95972,-84.49794
7891,33.97936,-84.46146
7896,33.9659,-84.4917
7881,33.99561,-84.4091
7892,33.97426,-84.47958
7900,33.95845,-84.49938
7935,33.97906,-84.44461
7898,33.9608,-84.49673
7884,33.98529,-84.42442
7886,33.97914,-84.44794
7888,33.98238,-84.4291
7880,33.99825,-84.40748
7883,33.98677,-84.4211
7895,33.9694,-84.48905
1135112,33.967025,-84.015682
1748,33.967025,-84.015682
1351018,33.62998,-84.45151
1135108,33.96836,-84.035357
1757,33.96836,-84.035357
1763,33.9759462,-84.07381423
1765,33.976814,-84.083342
1135103,33.976814,-84.083342
1135116,33.965257,-84.008521
1351014,33.65917,-84.43459
1744,33.965257,-84.008521
1135118,33.958251,-84.000952
1742,33.958251,-84.000952
1747,33.966462,-84.013012
1770,33.977475,-84.093494
1351016,33.96624,-84.01111
1135099,33.976914,-84.090463
1135098,33.977475,-84.093494
1135097,33.977927,-84.096492
1761,33.972407,-84.050646
1772,33.978166,-84.099884
1135114,33.966141,-84.011074
1135107,33.972407,-84.050646
1135113,33.966462,-84.013012
1769,33.976914,-84.090463
1135096,33.978166,-84.099884
1746,33.966141,-84.011074
1351017,33.96762,-84.00551
1135114,33.966141,-84.011074
1756,33.96877,-84.027254
1135109,33.96877,-84.027254
1771,33.977927,-84.096492
1135117,33.962327,-84.006403
1743,33.962327,-84.006403
1351333,33.9604,-84.00461
8068,33.8832,-84.010898
8098,33.773089,-84.050654
8084,33.872779,-84.014291
7465,33.897903,-84.006194
8236,33.72305,-84.09312
8097,33.774392,-84.048452
8070,33.877824,-84.012663
8095,33.803911,-84.04303
8232,33.74891,-84.08338
7395,33.901991,-84.004906
8233,33.74569,-84.08356
8085,33.869466,-84.015322
8091,33.826378,-84.031564
8069,33.879941,-84.011997
8237,33.70224,-84.08861
8086,33.865456,-84.016745
8232,33.74891,-84.08338
7395,33.901991,-84.004906
8233,33.74569,-84.08356
8093,33.813582,-84.041578
1713,33.86044,-84.01887
8231,33.76019,-84.0813
8230,33.77411,-84.07626
7469,33.885802,-84.010077
8235,33.73515,-84.08828
8231,33.76019,-84.0813
8096,33.801713,-84.042446
8234,33.73786,-84.08595
8229,33.77436,-84.07104
8092,33.82115,-84.034125
8090,33.840458,-84.032538
1973,33.91744,-84.00003
7377,33.83663,-84.33659
7307,33.86656,-84.30237
7379,33.84424,-84.32727
7608,33.83207,-84.34197
7378,33.84199,-84.32977
7606,33.8396,-84.33246
7792,33.87881,-84.29206
7418,33.90532,-84.27119
7604,33.84571,-84.32563
7423,33.89173,-84.28487
7427,33.90248,-84.27452
7602,33.88738,-84.28732
7422,33.89642,-84.28198
7424,33.89001,-84.28587
7600,33.89436,-84.28345
7609,33.82838,-84.34617
7601,33.89289,-84.28426
7426,33.88193,-84.29029
7420,33.90133,-84.27596
7381,33.84903,-84.32196
7376,33.83365,-84.34019
7605,33.84298,-84.32867
7603,33.88308,-84.2897
7381,33.84903,-84.32196
7417,33.90338,-84.27338
7309,33.86224,-84.30727
7235,33.9117,-84.26418
7308,33.866,-84.30293
7421,33.89998,-84.27771
7425,33.88914,-84.28639
7234,33.90899,-84.26682
7607,33.83745,-84.33532
7201,33.81097,-84.369
1784,33.952542,-84.225865
1785,33.953921,-84.223125
1794,33.987046,-84.170616
1792,33.972898,-84.184353
1786,33.955447,-84.219353
1789,33.967911,-84.195536
1787,33.957212,-84.21598
1791,33.971654,-84.187157
1795,33.999619,-84.167963
1788,33.961146,-84.208499
1790,33.969637,-84.19205
1793,33.98535,-84.17108
7063080,33.529803,-84.354425
7189,33.64971,-84.00996
7783,33.55364,-84.26221
7648,33.53822,-84.36162
7666,33.55375,-84.26583
7063083,33.550978,-84.448725
7063076,33.534413,-84.373743
3605,33.55364,-84.26221
7783,33.55364,-84.26221
7648,33.53822,-84.36162
3212,33.54422,-84.23154
3601,33.5435,-84.28256
7715,33.54588,-84.27964
8050,33.63699,-84.01905
7664,33.55296,-84.27002
7063085,33.530186,-84.335991
7616,33.54032,-84.28774
7063079,33.550621,-84.431877
8054,33.63378,-84.0144
7063085,33.530186,-84.335991
3604,33.55384,-84.2639
8055,33.62985,-84.01442
8051,33.63817,-84.01438
3603,33.54777,-84.27744
3488,33.5437,-84.22566
7664,33.55296,-84.27002
8005,33.6456,-84.01397
8508,33.62423,-84.04923
8065,33.65533,-84.00368
3391,33.54094,-84.19408
3488,33.5437,-84.22566
7717,33.54777,-84.27744
7757,33.55384,-84.2639
3251,33.58527,-84.14949
7662,33.54968,-84.27512
7063081,33.539356,-84.34726
7154,33.6522,-84.00723
8042,33.65793,-84.00095
8507,33.62992,-84.03909
8006,33.64767,-84.01215
8040,33.65416,-84.00497
7063082,33.540466,-84.287796
7669,33.5435,-84.28256
8056,33.62028,-84.01457
3600,33.54032,-84.28774
8038,33.64026,-84.01447
3600,33.54032,-84.28774
8038,33.64026,-84.01447
7063084,33.545267,-84.403477
7063077,33.537147,-84.327645
3490,33.54581,-84.18656
3491,33.54378,-84.22913
3489,33.54502,-84.2448
7663,33.55237,-84.27207
71021,33.55107,-84.46503
7594,33.61461,-84.43833
7595,33.61623,-84.43855
8614,33.738858,-84.433536
7589,33.5788,-84.41549
7590,33.58825,-84.42347
7063086,33.617865,-84.449755
7592,33.60154,-84.42963
7591,33.59707,-84.42897
7596,33.61847,-84.43873
491,33.75267,-84.46956
7592,33.60154,-84.42963
7593,33.60817,-84.43597
7220,33.75071,-84.44592
7213,33.75291,-84.49386
7212,33.75382,-84.49604
7218,33.7519,-84.46747
7216,33.75443,-84.48186
7219,33.75065,-84.4584
7218,33.7519,-84.46747
7215,33.75147,-84.48802
7214,33.75136,-84.49052
7223,33.74297,-84.43736
7222,33.74513,-84.43957
7797,33.74981,-84.44418
7820,33.73838,-84.42336
7798,33.73801,-84.42049
7823,33.73883,-84.43354
7821,33.73901,-84.43237
7819,33.73824,-84.41407
7821,33.73901,-84.43237
7835,33.72221,-84.42308
7827,33.72934,-84.41583
7831,33.72658,-84.41827
7833,33.72731,-84.41751
7834,33.71822,-84.42517
7832,33.7321,-84.41374
7828,33.72408,-84.42113
7829,33.71511,-84.42596
712643,33.71511,-84.42596
7793,33.738239,-84.412567
7192,33.67541,-84.4416
7183,33.74473,-84.40473
7192,33.67541,-84.4416
7121640,33.72408,-84.42113
712641,33.72221,-84.42308
48011,33.65456,-84.44941
8225,33.68994,-84.43692
7824,33.74057,-84.41208
7826,33.74262,-84.40984
7121642,33.718223,-84.425185
7121003,33.660425,-84.447352
48020,33.6627,-84.44643
1658,33.93226,-84.22236
1648,33.96819,-84.25808
1661,33.91782,-84.20976
1657,33.93348,-84.22305
1662,33.9153,-84.20896
1135226,33.9153,-84.20896
1135216,33.94733,-84.24047
1649,33.96654,-84.25523
1135222,33.93226,-84.22236
1135211,33.97073,-84.26086
1660,33.92178,-84.21194
1135215,33.95125,-84.24152
1651,33.95125,-84.24152
1655,33.93943,-84.23643
1654,33.94218,-84.23846
1653,33.94397,-84.24048
1652,33.94733,-84.24047
1660,33.92178,-84.21194
1135213,33.96654,-84.25523
1664,33.9115,-84.2076
1135228,33.9115,-84.2076
1135218,33.94218,-84.23846
1135213,33.96654,-84.25523
1135221,33.93348,-84.22305
1663,33.91282,-84.20812
1135212,33.96819,-84.25808
1656,33.93562,-84.22783
1135214,33.95908,-84.24672
1135219,33.93943,-84.23643
1135221,33.93348,-84.22305
1650,33.95908,-84.24672
1135217,33.94397,-84.24048
1135223,33.92473,-84.21629
1135227,33.91282,-84.20812
1659,33.92473,-84.21629
1647,33.97073,-84.26086
1135183,33.93104,-84.22287
1783,33.949096,-84.231932
1680,33.95348,-84.2338
7245,33.86524,-84.3371
1684,33.9805,-84.21572
7260,33.88889,-84.31301
7268,33.85869,-84.34082
7237,33.86061,-84.33978
7269,33.87536,-84.3279
1135250,33.99025,-84.20911
7246,33.86923,-84.33443
1686,33.99025,-84.20911
7068,33.84044,-84.37701
1135243,33.95025,-84.23511
7246,33.86923,-84.33443
7044,33.85564,-84.35143
7257,33.89433,-84.30604
7056,33.84866,-84.36639
7068,33.84044,-84.37701
1135243,33.95025,-84.23511
7246,33.86923,-84.33443
1135248,33.9805,-84.21572
7257,33.89433,-84.30604
7267,33.87667,-84.32564
7058,33.84515,-84.369
7053,33.85051,-84.36198
7054,33.84936,-84.36331
1135247,33.97768,-84.21763
7264,33.85754,-84.34338
1135246,33.96985,-84.22147
1683,33.97768,-84.21763
7253,33.90475,-84.29546
7057,33.84634,-84.36834
7262,33.88295,-84.31754
1681,33.95613,-84.23233
7258,33.89112,-84.31021
7262,33.88295,-84.31754
7263,33.91009,-84.29004
7253,33.90475,-84.29546
7057,33.84634,-84.36834
7067,33.8419,-84.37418
7247,33.91459,-84.28526
7271,33.8718,-84.33231
7073,33.8411,-84.37552
7270,33.87387,-84.33028
1679,33.95025,-84.23511
7255,33.89837,-84.30189
7045,33.85401,-84.35807
7270,33.87387,-84.33028
7256,33.89564,-84.30462
7048,33.85179,-84.36092
7047,33.85365,-84.3596
7045,33.85401,-84.35807
7266,33.8861,-84.31538
7043,33.85744,-84.34857
7055,33.84895,-84.365
1931,33.96201,-84.22656
7253,33.90475,-84.29546
7043,33.85744,-84.34857
7259,33.89052,-84.31095
7259,33.89052,-84.31095
7063,33.85177,-84.36359
7064,33.85266,-84.36535
7074,33.84988,-84.37299
7070,33.85189,-84.36977
8675309,33.85754,-84.34338
1351131,33.938649,-84.248009
1862,33.94011,-84.24904
1861,33.93864,-84.248
7193,33.74588,-84.40351
7761,33.75199,-84.27242
8275,33.747384,-84.324993
8163,33.74656,-84.35567
7720,33.74743,-84.32857
7758,33.74818,-84.28033
7764,33.75591,-84.26604
7727,33.77203,-84.24942
7724,33.74736,-84.30663
7766,33.7686,-84.25155
7677,33.74671,-84.36811
7675,33.74678,-84.37337
7720,33.74743,-84.32857
7722,33.74733,-84.31447
7727,33.77203,-84.24942
7671,33.74691,-84.38383
7684,33.74693,-84.38615
7725,33.7472,-84.30266
7765,33.75847,-84.26279
7681,33.74655,-84.35435
8283,33.74718,-84.30077
7760,33.7506,-84.2747
7716,33.74756,-84.34225
7724,33.74736,-84.30663
7719,33.74744,-84.33185
7678,33.74662,-84.36224
7726,33.74707,-84.29205
7676,33.74668,-84.3697
7729,33.77483,-84.24725
7759,33.74997,-84.27585
7680,33.74657,-84.35818
7723,33.74729,-84.30974
7546,33.74796,-84.40113
7679,33.74661,-84.3591
7718,33.74746,-84.33324
7725,33.7472,-84.30266
7673,33.74685,-84.37934
7674,33.74683,-84.37653
7830,33.70838,-84.42771
712644,33.70838,-84.42771
7011,33.74736,-84.35041
478,33.74817,-84.39089
7330,33.79282,-84.30565
7312,33.76128,-84.29266
7333,33.68129,-84.23002
7314,33.75629,-84.29148
7346,33.70984,-84.27185
7326,33.80331,-84.31065
7198,33.8456,-84.31524
7344,33.71309,-84.27197
7352,33.68299,-84.24649
3388,33.54909,-84.13761
7197,33.84194,-84.3139
11511,33.74572,-84.29144
3267,33.50759,-84.14072
7199,33.84916,-84.3155
7323,33.81277,-84.30781
7329,33.79031,-84.30642
8279,33.70833,-84.27213
7347,33.7388,-84.28806
7199,33.84916,-84.3155
8622,33.6879069,-84.253961
7329,33.79031,-84.30642
7313,33.75161,-84.29224
8622,33.6879069,-84.253961
7195,33.83995,-84.31293
7311,33.75776,-84.29123
7325,33.807,-84.31028
11512,33.73277,-84.28401
7353,33.68663,-84.20206
7361,33.69843,-84.26561
8276,33.69529,-84.26279
7366,33.71552,-84.27361
7340,33.72254,-84.27762
7302,33.85804,-84.31185
3567,33.506348,-84.141384
8277,33.69704,-84.26432
7363,33.70202,-84.269
7367,33.73185,-84.28325
7341,33.71828,-84.27545
3239,33.53102,-84.13928
7327,33.80164,-84.30975
7362,33.69949,-84.26654
7335,33.68275,-84.21499
7328,33.79867,-84.30725
7343,33.71407,-84.27256
7196,33.84098,-84.31343
7310,33.74476,-84.29099
7351,33.72596,-84.27922
8278,33.70306,-84.27016
7360,33.69289,-84.26059
7351,33.72596,-84.27922
7334,33.68045,-84.22639
7351,33.72596,-84.27922
7322,33.82009,-84.30397
7337,33.72956,-84.28139
7903,33.76362,-84.29256
8160,33.78725,-84.30656
7063089,33.63837,-84.357006
7063088,33.644886,-84.350186
7063087,33.640675,-84.354454
7794,33.69894,-84.45732
7836,33.69726,-84.41833
7228,33.69147,-84.48962
8506,33.5841,-84.01369
8503,33.68326,-84.00059
8506,33.5841,-84.01369
8505,33.56767,-84.01576
8504,33.59648,-84.01483
2007,33.53896,-84.0099
2005,33.54757,-84.01683
8520,33.5641,-84.04736
2006,33.54655,-84.01627
8285,33.84936113785417,-84.1944486
7825,33.851099,-84.207398
8206,33.84835,-84.18147
8205,33.84908,-84.2009
8204,33.8491,-84.20329
8207,33.83806,-84.16323
312,33.82064,-84.36327
7125,33.81156,-84.36678
7129,33.79916,-84.36793
7116,33.82359,-84.36726
7091,33.82798,-84.36727
7079,33.83922,-84.36915
7119,33.8159,-84.36662
7072,33.8485,-84.37421
7075,33.84948,-84.37666
7089,33.83725,-84.36816
7077,33.85334,-84.38155
7117,33.82107,-84.3675
7128,33.8011,-84.36754
7127,33.80544,-84.36736
7130,33.79711,-84.36897
7431,33.8068,-84.36659
7077,33.85334,-84.38155
7126,33.80797,-84.36594
7071,33.84616,-84.3726
7076,33.85114,-84.37929
7090,33.83138,-84.36805
7092,33.82583,-84.36714
7840,33.74016,-84.31389
7943,33.73969,-84.32207
7841,33.74006,-84.30967
7230,33.73987,-84.32936
7231,33.73982,-84.32768
7229,33.73997,-84.33215
7839,33.74014,-84.34539
7838,33.739811,-84.326149
71006,33.60926,-84.47114
8595,33.61636,-84.47278
8593,33.62118,-84.47392
8592,33.62472,-84.47427
71028,33.6002,-84.4712
8594,33.61994,-84.47338
71026,33.58874,-84.46899
71025,33.58499,-84.46921
7837,33.82473,-84.48894
7848,33.83039,-84.49255
7849,33.83884,-84.49487
8100,33.82349,-84.4875
7837,33.82473,-84.48894
7848,33.83039,-84.49255
7872,33.82574,-84.49008
7843,33.76361,-84.47004
7844,33.75941,-84.46933
7845,33.76914,-84.47195
7876,33.80213,-84.47564
7875,33.80804,-84.47599
7233,33.75582,-84.46873
7842,33.81086,-84.476394
7950,33.91254,-84.4963
7178,33.75085,-84.4032
7991,33.90511,-84.48938
7176,33.74629,-84.40659
7950,33.91254,-84.4963
7155,33.83992,-84.41637
7121952,33.783004,-84.407489
7176,33.74629,-84.40659
7164,33.71183,-84.40792
7638,33.6062,-84.38078
7627,33.55131,-84.37011
7147,33.82064,-84.40759
7620,33.5052,-84.35273
7638,33.6062,-84.38078
7147,33.82064,-84.40759
7990,33.90277,-84.48728
7597,33.65009,-84.39225
7149,33.80367,-84.40781
7629,33.56416,-84.37126
7647,33.642,-84.39008
7182,33.69529,-84.40813
7692,33.86388,-84.44492
7152,33.78659,-84.4074
7166,33.69921,-84.40807
7181,33.76821,-84.40486
7647,33.642,-84.39008
7692,33.86388,-84.44492
7169,33.71621,-84.40788
7637,33.59812,-84.37845
7949,33.90811,-84.49221
8118,33.84907,-84.43004
7186,33.75632,-84.40279
7687,33.85152,-84.43046
7172,33.72469,-84.4079
7172,33.72469,-84.4079
7624,33.52245,-84.36344
7635,33.58655,-84.37835
8724,33.72916,-84.40802
7171,33.72217,-84.40785
7157,33.80027,-84.40782
7644,33.63117,-84.387
7171,33.72217,-84.40785
7639,33.60724,-84.38107
7646,33.64013,-84.39047
7877,33.681271,-84.4077
7611,33.65374,-84.39935
7599,33.65231,-84.39486
7142,33.78151,-84.40751
7631,33.57893,-84.37402
7174,33.73441,-84.40813
7165,33.69722,-84.4081
7261,33.84661,-84.42849
7180,33.77319,-84.40884
7158,33.76344,-84.40291
7158,33.76344,-84.40291
7160,33.75808,-84.40277
7170,33.71827,-84.40785
7142,33.78151,-84.40751
7643,33.62956,-84.38535
7623,33.51775,-84.36352
7175,33.74216,-84.40814
7633,33.58387,-84.37762
7159,33.76114,-84.40276
7185,33.73929,-84.4082
7173,33.73117,-84.40808
7163,33.70727,-84.40804
7173,33.73117,-84.40808
7150,33.80133,-84.40781
7626,33.53768,-84.36512
7156,33.84049,-84.41946
7632,33.57969,-84.37417
7187,33.74431,-84.40841
7167,33.70339,-84.40805
7177,33.74889,-84.40456
7621,33.50883,-84.35635
7168,33.71431,-84.40791
8722,33.81499,-84.40773
7177,33.74889,-84.40456
7184,33.73817,-84.40816
8722,33.81499,-84.40773
7610,33.6532,-84.39694
7683,33.84613,-84.42778
7682,33.84458,-84.42551
8725,33.720272,-84.40787
7179,33.770176,-84.404741
7144,33.82872,-84.40749
3110,33.51053,-84.4483
7063122,33.591205,-84.447163
7063090,33.608101,-84.446477
7063121,33.601416,-84.446205
3000,33.52888,-84.44921
7063120,33.613727,-84.449012
7063124,33.567031,-84.448079
7657,33.62063,-84.37634
7658,33.62152,-84.36929
7661,33.61787,-84.35719
7656,33.61839,-84.39342
7655,33.61812,-84.39606
7659,33.62008,-84.36472
7660,33.61921,-84.36195
1872,33.93085,-84.14627
1863,33.93813,-84.28876
1351142,33.930911,-84.146356
1866,33.93322,-84.17445
1864,33.93467,-84.18235
1351134,33.934543,-84.182425
1875,33.90779,-84.1256
1351137,33.936151,-84.167915
1351139,33.935947,-84.158958
1868,33.9368,-84.15984
1865,33.93277,-84.17834
1871,33.93271,-84.15342
1351138,33.936765,-84.159752
1351136,33.933297,-84.174453
1351133,33.938112,-84.188784
1351145,33.907766,-84.125571
1351140,33.934007,-84.156479
1867,33.93623,-84.1679
1869,33.93594,-84.15894
1351141,33.932751,-84.153408
1870,33.93392,-84.15662
1351135,33.932816,-84.178426
7434,33.8157,-84.3348
7063096,33.577608,-84.279426
7063095,33.577947,-84.276787
7371,33.82757,-84.32972
7373,33.83134,-84.33427
7004,33.70442,-84.34952
7239,33.66792,-84.3404
7063091,33.628622,-84.312689
3211,33.55327,-84.25898
7432,33.82469,-84.33406
7063093,33.577232,-84.282163
3202,33.51836,-84.19119
7063094,33.57809,-84.28693
7372,33.83029,-84.33325
7239,33.66792,-84.3404
7878,33.55327,-84.25898
7063098,33.591616,-84.294179
7027,33.77383,-84.34898
7063097,33.58147,-84.29099
7063143,33.644675,-84.32587
7063098,33.591616,-84.294179
7063099,33.613106,-84.305507
3238,33.51168,-84.18877
80006,33.766884,-84.349075
7063144,33.63728,-84.31966
7089001,33.667357,-84.340267
7238,33.65781,-84.33514
7063092,33.618199,-84.308137
7433,33.82635,-84.33264
7005,33.69217,-84.34942
7242,33.68303,-84.3474
7241,33.67118,-84.34081
7374,33.83247,-84.33623
3205,33.56625,-84.26159
7009,33.7476,-84.34922
7912,33.716942,-84.378586
7879,33.713997,-84.373642
7913,33.717709,-84.381828
7402,33.70901,-84.35955
7401,33.70536,-84.35534
7013,33.75354,-84.34921
7000,33.72393,-84.34945
7015,33.75694,-84.34914
7010,33.7466,-84.34924
7001,33.72181,-84.34945
7014,33.75542,-84.34919
7003,33.7155,-84.34952
7016,33.75847,-84.34919
7017,33.76516,-84.34924
7002,33.71944,-84.34949
7018,33.76781,-84.34903
7019,33.76997,-84.34904
7017,33.76516,-84.34924
8280,33.7481,-84.34923
7001,33.72181,-84.34945
7026,33.77108,-84.349
7012,33.75241,-84.34924
7006,33.7341,-84.34931
8271,33.553145,-84.347331
8264,33.577981,-84.340873
8256,33.607459,-84.343842
8257,33.599577,-84.338998
8261,33.583291,-84.339386
8247,33.647577,-84.365199
8248,33.639868,-84.361396
8249,33.634201,-84.358439
8250,33.628475,-84.355875
8251,33.627686,-84.355686
8252,33.623823,-84.354117
8253,33.618745,-84.350791
8255,33.614375,-84.349359
8256,33.607459,-84.343842
8257,33.599577,-84.338998
8258,33.595904,-84.337504
8259,33.589608,-84.337717
8260,33.588289,-84.338094
8261,33.583291,-84.339386
8262,33.580444,-84.340183
8263,33.578751,-84.34066
8264,33.577981,-84.340873
8265,33.575368,-84.341594
8266,33.573539,-84.342082
8267,33.571285,-84.342644
8268,33.566233,-84.343919
8269,33.564009,-84.344479
8270,33.559603,-84.345624
8271,33.553145,-84.347331
8272,33.538885,-84.351013
7206,33.70509,-84.37859
7202,33.64851,-84.36559
7203,33.65107,-84.36669
7204,33.65314,-84.36752
7205,33.65933,-84.37133
7466,33.7073,-84.38004
7467,33.71915,-84.385
7459,33.67189,-84.37239
7460,33.68025,-84.3674
7461,33.68873,-84.364
7462,33.69324,-84.36686
7463,33.69685,-84.36986
7464,33.70311,-84.37662
7914,33.72178,-84.38834
7915,33.72207,-84.3955
7499,33.720978,-84.39016
7410,33.70673,-84.37634
7545,33.722031,-84.393364
8273,33.651433,-84.47484
7342,33.65454,-84.49278
7355,33.65024,-84.47121
7356,33.6493,-84.46661
7357,33.64928,-84.46227
7358,33.64686,-84.45439
7359,33.65181,-84.48009
7349,33.65272,-84.48832
7339,33.65646,-84.4967
280,33.77132,-84.39342
1690,33.88706,-84.15778
1691,33.88923,-84.15498
1692,33.88986,-84.14386
1693,33.89319,-84.14136
1694,33.89594,-84.13973
1695,33.9009,-84.12689
1696,33.90312,-84.12155
1697,33.90355,-84.11848
1698,33.90465,-84.11274
1699,33.90685,-84.11089
1687,33.8674,-84.18816
1688,33.88103,-84.16455
1689,33.88299,-84.16171
1701,33.92136,-84.08436
1702,33.92337,-84.07246
1703,33.92564,-84.06231
1704,33.92682,-84.05946
1705,33.92746,-84.05179
1706,33.93187,-84.04205
1700,33.9108,-84.10133
1135060,33.8674,-84.18816
1135061,33.88103,-84.16455
1135062,33.88299,-84.16171
1135063,33.88706,-84.15778
1135066,33.89319,-84.14136
1135067,33.89594,-84.13973
1135068,33.9009,-84.12689
1135069,33.90312,-84.12155
1135070,33.90355,-84.11848
1135071,33.90465,-84.11274
1135072,33.90685,-84.11089
1135073,33.9108,-84.10133
1135074,33.92136,-84.08436
1135075,33.92337,-84.07246
1135076,33.92564,-84.06231
1135077,33.92682,-84.05946
1135078,33.92746,-84.05179
1135079,33.93187,-84.04205
8162,33.7952,-84.28729
8164,33.78267,-84.30585
8119,33.77502,-84.44762
8723,33.77675,-84.46463
7698,33.77277,-84.42509
7699,33.77185,-84.42809
7695,33.77306,-84.41241
7696,33.77302,-84.41738
7704,33.77676,-84.44997
7705,33.77655,-84.45721
7706,33.77633,-84.47375
7707,33.77937,-84.47939
7708,33.78608,-84.49128
7709,33.78647,-84.49232
7710,33.78727,-84.49375
7711,33.78783,-84.4944
7712,33.78991,-84.49619
7713,33.79086,-84.49685
7700,33.7713,-84.43396
7701,33.7716,-84.43813
7702,33.77282,-84.44198
7511,33.85647,-84.20871
7512,33.8547,-84.20956
7513,33.85194,-84.21017
7514,33.85094,-84.21355
7515,33.85003,-84.21829
7517,33.84951,-84.22316
7518,33.83779,-84.23763
7455,33.77371,-84.36882
7456,33.773805,-84.362077
7457,33.773825,-84.353847
7458,33.773841,-84.350954
7508,33.86061,-84.20055
7509,33.8578,-84.20474
7547,33.82262,-84.26287
7548,33.81792,-84.26736
7549,33.80363,-84.2775
7550,33.80027,-84.28082
7551,33.79859,-84.28211
7552,33.79352,-84.29011
7553,33.78787,-84.29935
7554,33.7849,-84.30398
7555,33.77905,-84.30901
7540,33.82858,-84.25003
7541,33.82757,-84.25172
7542,33.82668,-84.25394
7543,33.826,-84.2561
7557,33.77414,-84.31433
7558,33.77418,-84.31622
7559,33.77152,-84.32114
7560,33.77172,-84.32503
8067,33.77746,-84.47641
7029,33.77383,-84.35252
7030,33.77383,-84.3556
7031,33.77382,-84.35871
7032,33.7738,-84.35997
7046,33.77314,-84.37281
7034,33.77359,-84.36371
7035,33.77338,-84.36562
7036,33.77351,-84.36764
7037,33.77366,-84.37096
7038,33.77232,-84.37592
7039,33.77255,-84.3777
7040,33.77258,-84.38026
7041,33.7725,-84.3818
7042,33.77242,-84.38332
7049,33.77471,-84.34505
7050,33.77516,-84.34156
7051,33.77391,-84.33709
7052,33.77369,-84.33089
7443,33.81021,-84.27302
3018,33.5094,-84.42962
3130,33.50239,-84.42753
7562,33.5183,-84.42661
7563,33.52234,-84.42439
7564,33.5254,-84.42262
7565,33.53371,-84.41911
7566,33.54212,-84.41658
7567,33.5497,-84.41477
7568,33.5551,-84.41425
7569,33.56118,-84.4137
7570,33.56649,-84.41309
7574,33.57261,-84.41251
7575,33.57534,-84.41228
7576,33.58134,-84.41158
7577,33.59382,-84.4079
7578,33.60312,-84.40502
7579,33.60656,-84.40397
7580,33.60924,-84.40318
7581,33.61259,-84.40272
7582,33.61523,-84.40282
7093,33.83489,-84.38244
7094,33.83364,-84.38324
7095,33.83318,-84.38373
7096,33.83149,-84.38548
7097,33.82865,-84.38745
7101,33.82139,-84.38799
7100,33.82286,-84.38749
7098,33.82757,-84.38745
7099,33.82513,-84.38747
7078,33.83939,-84.37983
7082,33.84766,-84.38235
7083,33.84364,-84.3793
7084,33.85329,-84.3827
7085,33.85433,-84.38267
7086,33.85582,-84.38264
7087,33.83822,-84.38088
7088,33.83707,-84.38142
7102,33.81968,-84.38849
7105,33.81622,-84.39037
7104,33.81007,-84.39285
7103,33.81803,-84.38896
7106,33.81473,-84.39184
7107,33.8137,-84.39232
7108,33.81228,-84.39227
7109,33.81096,-84.39249
7110,33.8084,-84.39355
7111,33.80671,-84.39388
7112,33.80484,-84.39363
7113,33.80254,-84.39286
7114,33.80147,-84.39276
7115,33.7998,-84.39234
8082,33.858008,-84.3813306
3103,33.51072,-84.49874
47032,33.68435,-84.44743
120015,33.596527,-84.017593
8598,33.69844,-84.44849
8599,33.69766,-84.44849
11473,33.774505,-84.121553
1135169,33.9422506,-84.13472387
409,33.67352,-84.49715
47034,33.66614,-84.48463
47035,33.666,-84.4726
47036,33.66909,-84.48949
11426,33.695268,-84.091738
11398,33.69764,-84.09059
1967,33.93479,-84.02951
1968,33.92831,-84.02522
1969,33.92622,-84.0234
1970,33.92363,-84.01762
1971,33.9207,-84.01552
1972,33.91988,-84.00577
1960,33.96575,-84.0664
1961,33.96214,-84.06168
1962,33.96153,-84.06124
1963,33.95976,-84.06022
1964,33.9576,-84.05869
1965,33.95561,-84.0565
1954,33.99825,-84.0931
1955,33.99599,-84.09172
1956,33.988041,-84.085377
1958,33.98619,-84.07994
1959,33.979298,-84.074912
1912,33.98937,-84.08806
1597,33.98697,-84.08199
47037,33.68551,-84.41853
47038,33.69432,-84.41841
47039,33.69171,-84.41844
47040,33.68925,-84.41845
420,33.701408,-84.418243
419,33.707821,-84.418182
418,33.71437,-84.41814
7634,33.58312,-84.3779
150,33.75174,-84.39616
59,33.75927,-84.38945
39,33.761,-84.38905
22,33.76402,-84.38898
31,33.76227,-84.38902
26,33.76333,-84.38901
151,33.75058,-84.39706
124,33.75352,-84.39479
11040,33.68403672568411,-84.31007101
99999998,33.789198,-84.385523
11436,33.7822,-84.33915
11077,33.65778,-84.33805
58017,33.936535,-84.288164
58018,33.943585,-84.3002
58019,33.936688,-84.293951
11260,33.921266,-84.28066
11245,33.92345,-84.28168
11451,33.71948,-84.29902
99990,33.72717,-84.36137
99085,33.866007,-84.452267
152,33.75055,-84.39519
153,33.74984,-84.39391
154,33.7492,-84.39272
155,33.74855,-84.39153
156,33.74781,-84.39022
99920,33.72717,-84.36137
99930,33.72717,-84.36137
99950,33.72717,-84.36137
11061,33.88241,-84.21965
11321,33.69165,-84.08884
11399,33.69466,-84.08884
11405,33.69703,-84.08872
434,33.725346,-84.353088
7649,33.5732,-84.40328
7650,33.57666,-84.39315
7651,33.57793,-84.38899
7652,33.57855,-84.38691
7653,33.5794,-84.38345
7654,33.58134,-84.37883
1824,33.93465,-84.21621
1825,33.93914,-84.21111
1827,33.94498,-84.2036
1828,33.94927,-84.1982
1829,33.96649,-84.17736
1830,33.97659,-84.16341
1831,33.98028,-84.15836
1832,33.98257,-84.15585
1847,33.94119,-84.20847
1351094,33.918786,-84.257427
1135184,33.98028,-84.15836
1135185,33.97659,-84.16341
1135186,33.96649,-84.17736
1135187,33.94927,-84.1982
1135188,33.94498,-84.2036
1135189,33.94119,-84.20847
1135190,33.93914,-84.21111
1135191,33.93465,-84.21621
1351095,33.923641,-84.251265
1351096,33.924746,-84.249606
1351097,33.926105,-84.24713
1351098,33.928542,-84.238275
1351100,33.934658,-84.216262
1351101,33.939093,-84.211119
1351103,33.945048,-84.203613
1351104,33.949372,-84.198359
1351105,33.966449,-84.177388
1351107,33.980351,-84.158273
1351108,33.982569,-84.155849
1822,33.92857,-84.23816
1818,33.9188,-84.25741
1135192,33.92857,-84.23816
1135196,33.9188,-84.25741
1135195,33.92361,-84.25124
1819,33.92361,-84.25124
1821,33.92606,-84.24715
1135193,33.92606,-84.24715
1135194,33.92471,-84.24958
1820,33.92471,-84.24958
1966,33.93837,-84.03387
1135080,33.938404,-84.027766
1779,33.938404,-84.027766
7444,33.80865,-84.26915
7584,33.57235,-84.41065
7585,33.57229,-84.40858
7586,33.57228,-84.4073
59018,33.895042,-84.491969
59019,33.886621,-84.494673
59020,33.89187,-84.491675
49007,33.659,-84.4284
49001,33.659,-84.4352
47052,33.6601,-84.4304
47053,33.6592,-84.4346
48001,33.6592,-84.4392
49002,33.6588,-84.419
49003,33.6588,-84.4168
49004,33.66139,-84.41398
341,33.78516,-84.42204
416,33.78275,-84.4173
476,33.78187,-84.41657
461,33.850779,-84.419302
459,33.844045,-84.395378
467,33.847274,-84.407298
23,33.764,-84.38754
178,33.76733,-84.38746
465,33.828677,-84.415802
460,33.828653,-84.394432
137,33.84166,-84.38459
138,33.84044,-84.38222
191,33.79184,-84.38773
193,33.78856,-84.38779
192,33.78992,-84.38779
118,33.75328,-84.3895
119,33.75255,-84.38837
7573,33.5611,-84.41098
3620,33.52803,-84.27412
3621,33.52625,-84.26686
3151011,33.52803,-84.27412
3151012,33.52625,-84.26686
80,33.75597,-84.39031
78,33.75752,-84.39191
79,33.75701,-84.39135
47051,33.673567,-84.454596
47041,33.67559,-84.44478
47042,33.67226,-84.45784
47043,33.66196,-84.4719
47044,33.64705,-84.49062
47045,33.6758,-84.44748
47046,33.66593,-84.46615
47047,33.63266,-84.49233
11327,33.7271,-84.14729
11386,33.6978,-84.2233
11387,33.70178,-84.22186
11396,33.70691,-84.21856
11355,33.71505,-84.2158
11274,33.71229,-84.21723
11190,33.7088,-84.21818
8531,33.66703,-84.02568
8524,33.66511,-84.02847
8525,33.66472,-84.03064
12003,33.66914,-84.022551
11011,33.76666,-84.30532
7703,33.77171,-84.442
399,33.77979,-84.4119
396,33.77883,-84.40982
7685,33.8487,-84.43147
7686,33.84839,-84.43233
1351376,33.75179,-84.38823
1351373,33.82311,-84.12026
1351374,33.82209,-84.12074
131375,33.81857,-84.11978
208,33.78325,-84.38784
209,33.78448,-84.38784
207,33.7815,-84.38779
206,33.77951,-84.38728
194,33.78663,-84.38781
177,33.76978,-84.38743
179,33.77231,-84.38734
182,33.77755,-84.3873
181,33.77682,-84.38731
7122041,33.785727,-84.387813
7121007,33.775109,-84.38733
242,33.78074,-84.38747
11506,33.7756,-84.30004
11507,33.77306,-84.30657
11428,33.77555,-84.30397
7556,33.7739,-84.31327
7063145,33.521084,-84.32238
11369,33.77357,-84.29655
11496,33.77359,-84.29889
464,33.747326,-84.431004
161,33.74697,-84.39693
329,33.86416,-84.36981
335,33.8648,-84.37201
25,33.76334,-84.39052
30,33.76227,-84.39053
21,33.76403,-84.3904
38,33.761,-84.39054
47049,33.66741,-84.43439
7795,33.74446,-84.39811
8013,33.89891,-84.49471
11437,33.78647,-84.27934
7089007,33.942,-84.271006
11404,33.91934,-84.26897
8613,33.69935,-84.43062
9981,33.81287,-84.36731
9982,33.81007,-84.37469
11021,33.73304,-84.18163
11435,33.74004,-84.1561